{
  "last_trained": "2026-07-12 06:20:43",
  "horizons": {
    "3": {
      "down": {
        "cv_mae": 144.51600365017234,
        "n_samples": 2796
      },
      "up": {
        "cv_mae": 121.17909496985025,
        "n_samples": 2796
      }
    },
    "5": {
      "down": {
        "cv_mae": 185.06663197179304,
        "n_samples": 2796
      },
      "up": {
        "cv_mae": 157.21535060248604,
        "n_samples": 2796
      }
    },
    "7": {
      "down": {
        "cv_mae": 216.23660083181943,
        "n_samples": 2796
      },
      "up": {
        "cv_mae": 185.0135697076293,
        "n_samples": 2796
      }
    },
    "14": {
      "down": {
        "cv_mae": 296.43334126965846,
        "n_samples": 2796
      },
      "up": {
        "cv_mae": 263.90568489692976,
        "n_samples": 2796
      }
    }
  }
}