{
  "last_trained": "2026-04-03 18:49:08",
  "horizons": {
    "3": {
      "down": {
        "cv_mae": 143.16056928809675,
        "n_samples": 2730
      },
      "up": {
        "cv_mae": 119.54253393440374,
        "n_samples": 2730
      }
    },
    "5": {
      "down": {
        "cv_mae": 184.26160140102778,
        "n_samples": 2730
      },
      "up": {
        "cv_mae": 152.9954956523017,
        "n_samples": 2730
      }
    },
    "7": {
      "down": {
        "cv_mae": 216.40688219424402,
        "n_samples": 2730
      },
      "up": {
        "cv_mae": 181.32039422691105,
        "n_samples": 2730
      }
    },
    "14": {
      "down": {
        "cv_mae": 312.35713687424965,
        "n_samples": 2730
      },
      "up": {
        "cv_mae": 260.8470705656265,
        "n_samples": 2730
      }
    }
  }
}