{
  "last_trained": "2026-06-28 07:39:57",
  "horizons": {
    "3": {
      "down": {
        "cv_mae": 144.0280844061834,
        "n_samples": 2786
      },
      "up": {
        "cv_mae": 121.23712604993614,
        "n_samples": 2786
      }
    },
    "5": {
      "down": {
        "cv_mae": 183.85718490967332,
        "n_samples": 2786
      },
      "up": {
        "cv_mae": 156.02420908819693,
        "n_samples": 2786
      }
    },
    "7": {
      "down": {
        "cv_mae": 215.90649202821822,
        "n_samples": 2786
      },
      "up": {
        "cv_mae": 183.25184896832656,
        "n_samples": 2786
      }
    },
    "14": {
      "down": {
        "cv_mae": 297.3186549608452,
        "n_samples": 2786
      },
      "up": {
        "cv_mae": 266.78345071067224,
        "n_samples": 2786
      }
    }
  }
}