{
  "last_trained": "2026-05-24 06:52:18",
  "horizons": {
    "3": {
      "down": {
        "cv_mae": 142.87772599919208,
        "n_samples": 2763
      },
      "up": {
        "cv_mae": 120.36557933949923,
        "n_samples": 2763
      }
    },
    "5": {
      "down": {
        "cv_mae": 184.6594210635836,
        "n_samples": 2763
      },
      "up": {
        "cv_mae": 154.96420131836305,
        "n_samples": 2763
      }
    },
    "7": {
      "down": {
        "cv_mae": 217.48754703784303,
        "n_samples": 2763
      },
      "up": {
        "cv_mae": 182.79258157137286,
        "n_samples": 2763
      }
    },
    "14": {
      "down": {
        "cv_mae": 301.79160075757113,
        "n_samples": 2763
      },
      "up": {
        "cv_mae": 261.07376527004993,
        "n_samples": 2763
      }
    }
  }
}