{
  "last_trained": "2026-06-07 07:43:10",
  "horizons": {
    "3": {
      "down": {
        "cv_mae": 143.32328976918114,
        "n_samples": 2772
      },
      "up": {
        "cv_mae": 120.80314789398146,
        "n_samples": 2772
      }
    },
    "5": {
      "down": {
        "cv_mae": 183.71919516516036,
        "n_samples": 2772
      },
      "up": {
        "cv_mae": 154.44256362476244,
        "n_samples": 2772
      }
    },
    "7": {
      "down": {
        "cv_mae": 219.19617108033594,
        "n_samples": 2772
      },
      "up": {
        "cv_mae": 181.64240499115934,
        "n_samples": 2772
      }
    },
    "14": {
      "down": {
        "cv_mae": 301.8806406607488,
        "n_samples": 2772
      },
      "up": {
        "cv_mae": 258.95315941921865,
        "n_samples": 2772
      }
    }
  }
}