{
  "last_trained": "2026-04-26 05:58:21",
  "horizons": {
    "3": {
      "down": {
        "cv_mae": 142.99397428392223,
        "n_samples": 2744
      },
      "up": {
        "cv_mae": 120.61859036274127,
        "n_samples": 2744
      }
    },
    "5": {
      "down": {
        "cv_mae": 183.09783007093364,
        "n_samples": 2744
      },
      "up": {
        "cv_mae": 156.11665525792512,
        "n_samples": 2744
      }
    },
    "7": {
      "down": {
        "cv_mae": 215.66220453154128,
        "n_samples": 2744
      },
      "up": {
        "cv_mae": 184.65352868206915,
        "n_samples": 2744
      }
    },
    "14": {
      "down": {
        "cv_mae": 300.1392643942851,
        "n_samples": 2744
      },
      "up": {
        "cv_mae": 268.9410620171832,
        "n_samples": 2744
      }
    }
  }
}