{
  "last_trained": "2026-05-17 06:36:50",
  "horizons": {
    "3": {
      "down": {
        "cv_mae": 142.65333165945202,
        "n_samples": 2758
      },
      "up": {
        "cv_mae": 120.71689545208912,
        "n_samples": 2758
      }
    },
    "5": {
      "down": {
        "cv_mae": 185.91806145903135,
        "n_samples": 2758
      },
      "up": {
        "cv_mae": 155.97996382438004,
        "n_samples": 2758
      }
    },
    "7": {
      "down": {
        "cv_mae": 219.00121061697828,
        "n_samples": 2758
      },
      "up": {
        "cv_mae": 181.98483241257424,
        "n_samples": 2758
      }
    },
    "14": {
      "down": {
        "cv_mae": 299.4081546218402,
        "n_samples": 2758
      },
      "up": {
        "cv_mae": 261.5128950760252,
        "n_samples": 2758
      }
    }
  }
}