{
  "last_trained": "2026-06-14 08:02:29",
  "horizons": {
    "3": {
      "down": {
        "cv_mae": 143.40254000934655,
        "n_samples": 2777
      },
      "up": {
        "cv_mae": 120.76978554239352,
        "n_samples": 2777
      }
    },
    "5": {
      "down": {
        "cv_mae": 184.21223975300862,
        "n_samples": 2777
      },
      "up": {
        "cv_mae": 154.7143440679391,
        "n_samples": 2777
      }
    },
    "7": {
      "down": {
        "cv_mae": 217.08960019743637,
        "n_samples": 2777
      },
      "up": {
        "cv_mae": 182.29457073283413,
        "n_samples": 2777
      }
    },
    "14": {
      "down": {
        "cv_mae": 300.1309329621367,
        "n_samples": 2777
      },
      "up": {
        "cv_mae": 263.68398910379256,
        "n_samples": 2777
      }
    }
  }
}