{
  "last_trained": "2026-04-03 10:58:48",
  "horizons": {
    "3": {
      "down": {
        "cv_mae": 142.36930071563526,
        "n_samples": 2730
      },
      "up": {
        "cv_mae": 119.42447854097516,
        "n_samples": 2730
      }
    },
    "5": {
      "down": {
        "cv_mae": 183.24279504512168,
        "n_samples": 2730
      },
      "up": {
        "cv_mae": 153.64819278613106,
        "n_samples": 2730
      }
    },
    "7": {
      "down": {
        "cv_mae": 217.91743098682105,
        "n_samples": 2730
      },
      "up": {
        "cv_mae": 180.80726885600512,
        "n_samples": 2730
      }
    },
    "14": {
      "down": {
        "cv_mae": 311.0299177131007,
        "n_samples": 2730
      },
      "up": {
        "cv_mae": 259.71932746930634,
        "n_samples": 2730
      }
    }
  }
}