{
  "last_trained": "2026-04-19 05:42:16",
  "horizons": {
    "3": {
      "down": {
        "cv_mae": 143.48078380338973,
        "n_samples": 2739
      },
      "up": {
        "cv_mae": 120.46835031157453,
        "n_samples": 2739
      }
    },
    "5": {
      "down": {
        "cv_mae": 183.06049543742708,
        "n_samples": 2739
      },
      "up": {
        "cv_mae": 156.2212978066851,
        "n_samples": 2739
      }
    },
    "7": {
      "down": {
        "cv_mae": 218.04044008463066,
        "n_samples": 2739
      },
      "up": {
        "cv_mae": 186.31295883465043,
        "n_samples": 2739
      }
    },
    "14": {
      "down": {
        "cv_mae": 301.8263566453402,
        "n_samples": 2739
      },
      "up": {
        "cv_mae": 262.91768000102746,
        "n_samples": 2739
      }
    }
  }
}