{
  "last_trained": "2026-07-19 06:15:52",
  "horizons": {
    "3": {
      "down": {
        "cv_mae": 144.14147727326048,
        "n_samples": 2801
      },
      "up": {
        "cv_mae": 121.74313363220585,
        "n_samples": 2801
      }
    },
    "5": {
      "down": {
        "cv_mae": 184.88026801466876,
        "n_samples": 2801
      },
      "up": {
        "cv_mae": 155.89642337997898,
        "n_samples": 2801
      }
    },
    "7": {
      "down": {
        "cv_mae": 215.9828740572231,
        "n_samples": 2801
      },
      "up": {
        "cv_mae": 185.41965111284483,
        "n_samples": 2801
      }
    },
    "14": {
      "down": {
        "cv_mae": 297.2805809503512,
        "n_samples": 2801
      },
      "up": {
        "cv_mae": 265.7640072596806,
        "n_samples": 2801
      }
    }
  }
}