{
  "last_trained": "2026-05-17 06:38:25",
  "horizons": {
    "3": {
      "down": {
        "cv_mae": 142.6533380414278,
        "n_samples": 2758
      },
      "up": {
        "cv_mae": 120.71691101262006,
        "n_samples": 2758
      }
    },
    "5": {
      "down": {
        "cv_mae": 185.91809530609808,
        "n_samples": 2758
      },
      "up": {
        "cv_mae": 155.97997057351586,
        "n_samples": 2758
      }
    },
    "7": {
      "down": {
        "cv_mae": 219.00125009250232,
        "n_samples": 2758
      },
      "up": {
        "cv_mae": 181.98482718040526,
        "n_samples": 2758
      }
    },
    "14": {
      "down": {
        "cv_mae": 299.40817855733405,
        "n_samples": 2758
      },
      "up": {
        "cv_mae": 261.5129166624648,
        "n_samples": 2758
      }
    }
  }
}