{
  "last_trained": "2026-07-05 06:57:28",
  "horizons": {
    "3": {
      "down": {
        "cv_mae": 143.38204440693517,
        "n_samples": 2791
      },
      "up": {
        "cv_mae": 122.34650563654841,
        "n_samples": 2791
      }
    },
    "5": {
      "down": {
        "cv_mae": 184.37944627206548,
        "n_samples": 2791
      },
      "up": {
        "cv_mae": 156.60190486644896,
        "n_samples": 2791
      }
    },
    "7": {
      "down": {
        "cv_mae": 216.36423285720298,
        "n_samples": 2791
      },
      "up": {
        "cv_mae": 183.98536291279754,
        "n_samples": 2791
      }
    },
    "14": {
      "down": {
        "cv_mae": 297.8203040453699,
        "n_samples": 2791
      },
      "up": {
        "cv_mae": 265.36304668155515,
        "n_samples": 2791
      }
    }
  }
}