{
  "last_trained": "2026-05-10 06:25:14",
  "horizons": {
    "3": {
      "down": {
        "cv_mae": 142.3977464189355,
        "n_samples": 2753
      },
      "up": {
        "cv_mae": 120.89534510094407,
        "n_samples": 2753
      }
    },
    "5": {
      "down": {
        "cv_mae": 184.0296467314251,
        "n_samples": 2753
      },
      "up": {
        "cv_mae": 154.7727139892305,
        "n_samples": 2753
      }
    },
    "7": {
      "down": {
        "cv_mae": 215.37800529832543,
        "n_samples": 2753
      },
      "up": {
        "cv_mae": 182.52403251966948,
        "n_samples": 2753
      }
    },
    "14": {
      "down": {
        "cv_mae": 297.80592494636323,
        "n_samples": 2753
      },
      "up": {
        "cv_mae": 263.5203597148461,
        "n_samples": 2753
      }
    }
  }
}