{
  "last_trained": "2026-05-31 07:12:18",
  "horizons": {
    "3": {
      "down": {
        "cv_mae": 143.80245460981138,
        "n_samples": 2767
      },
      "up": {
        "cv_mae": 120.19708092958122,
        "n_samples": 2767
      }
    },
    "5": {
      "down": {
        "cv_mae": 184.30625212531325,
        "n_samples": 2767
      },
      "up": {
        "cv_mae": 155.05372003856897,
        "n_samples": 2767
      }
    },
    "7": {
      "down": {
        "cv_mae": 215.85823347596516,
        "n_samples": 2767
      },
      "up": {
        "cv_mae": 182.51959939861644,
        "n_samples": 2767
      }
    },
    "14": {
      "down": {
        "cv_mae": 301.46124670769365,
        "n_samples": 2767
      },
      "up": {
        "cv_mae": 263.36334945280976,
        "n_samples": 2767
      }
    }
  }
}