{
  "last_trained": "2026-05-03 06:18:40",
  "horizons": {
    "3": {
      "down": {
        "cv_mae": 142.64538324551083,
        "n_samples": 2748
      },
      "up": {
        "cv_mae": 120.5467866317025,
        "n_samples": 2748
      }
    },
    "5": {
      "down": {
        "cv_mae": 183.58635102931407,
        "n_samples": 2748
      },
      "up": {
        "cv_mae": 156.10200204316362,
        "n_samples": 2748
      }
    },
    "7": {
      "down": {
        "cv_mae": 218.30185688658304,
        "n_samples": 2748
      },
      "up": {
        "cv_mae": 182.75968079998316,
        "n_samples": 2748
      }
    },
    "14": {
      "down": {
        "cv_mae": 299.5692032569794,
        "n_samples": 2748
      },
      "up": {
        "cv_mae": 260.242613867014,
        "n_samples": 2748
      }
    }
  }
}