{
  "last_trained": "2026-06-21 08:16:36",
  "horizons": {
    "3": {
      "down": {
        "cv_mae": 144.08043720347834,
        "n_samples": 2782
      },
      "up": {
        "cv_mae": 121.41933863793852,
        "n_samples": 2782
      }
    },
    "5": {
      "down": {
        "cv_mae": 184.69607870270346,
        "n_samples": 2782
      },
      "up": {
        "cv_mae": 155.6068533512974,
        "n_samples": 2782
      }
    },
    "7": {
      "down": {
        "cv_mae": 216.50777993401653,
        "n_samples": 2782
      },
      "up": {
        "cv_mae": 185.7722607084665,
        "n_samples": 2782
      }
    },
    "14": {
      "down": {
        "cv_mae": 298.2198061148946,
        "n_samples": 2782
      },
      "up": {
        "cv_mae": 265.31892372478296,
        "n_samples": 2782
      }
    }
  }
}