{
  "last_trained": "2026-05-31 07:10:40",
  "horizons": {
    "3": {
      "cv_accuracy": 0.8268980477223427,
      "cv_mae": 0.844102707419929,
      "threshold": 1.2,
      "n_samples": 2767
    },
    "5": {
      "cv_accuracy": 0.8759219088937094,
      "cv_mae": 1.1077941068602521,
      "threshold": 1.5,
      "n_samples": 2767
    },
    "7": {
      "cv_accuracy": 0.8455531453362257,
      "cv_mae": 1.3147470101958565,
      "threshold": 2.0,
      "n_samples": 2767
    },
    "14": {
      "cv_accuracy": 0.7414316702819956,
      "cv_mae": 1.7496092140693125,
      "threshold": 3.5,
      "n_samples": 2767
    }
  }
}