{
  "last_trained": "2026-04-26 05:56:44",
  "horizons": {
    "3": {
      "cv_accuracy": 0.8275711159737418,
      "cv_mae": 0.8427614579951636,
      "threshold": 1.2,
      "n_samples": 2744
    },
    "5": {
      "cv_accuracy": 0.8735229759299781,
      "cv_mae": 1.118514502310776,
      "threshold": 1.5,
      "n_samples": 2744
    },
    "7": {
      "cv_accuracy": 0.8433260393873084,
      "cv_mae": 1.324872401863694,
      "threshold": 2.0,
      "n_samples": 2744
    },
    "14": {
      "cv_accuracy": 0.7444201312910285,
      "cv_mae": 1.7485353109015462,
      "threshold": 3.5,
      "n_samples": 2744
    }
  }
}