{
  "last_trained": "2026-05-17 06:36:45",
  "horizons": {
    "3": {
      "cv_accuracy": 0.8278867102396514,
      "cv_mae": 0.8475346993652664,
      "threshold": 1.2,
      "n_samples": 2758
    },
    "5": {
      "cv_accuracy": 0.8758169934640522,
      "cv_mae": 1.1079931993903342,
      "threshold": 1.5,
      "n_samples": 2758
    },
    "7": {
      "cv_accuracy": 0.8440087145969499,
      "cv_mae": 1.3103678714625324,
      "threshold": 2.0,
      "n_samples": 2758
    },
    "14": {
      "cv_accuracy": 0.7372549019607844,
      "cv_mae": 1.7414907431084523,
      "threshold": 3.5,
      "n_samples": 2758
    }
  }
}