{
  "last_trained": "2026-06-07 07:41:31",
  "horizons": {
    "3": {
      "cv_accuracy": 0.8285714285714285,
      "cv_mae": 0.8471439502299388,
      "threshold": 1.2,
      "n_samples": 2772
    },
    "5": {
      "cv_accuracy": 0.8757575757575757,
      "cv_mae": 1.098962284688739,
      "threshold": 1.5,
      "n_samples": 2772
    },
    "7": {
      "cv_accuracy": 0.8454545454545455,
      "cv_mae": 1.3029187317998319,
      "threshold": 2.0,
      "n_samples": 2772
    },
    "14": {
      "cv_accuracy": 0.7471861471861472,
      "cv_mae": 1.7625700127114647,
      "threshold": 3.5,
      "n_samples": 2772
    }
  }
}