{
  "last_trained": "2026-07-12 06:19:01",
  "horizons": {
    "3": {
      "cv_accuracy": 0.8274678111587981,
      "cv_mae": 0.8557199326167598,
      "threshold": 1.2,
      "n_samples": 2796
    },
    "5": {
      "cv_accuracy": 0.8759656652360516,
      "cv_mae": 1.1052119618324265,
      "threshold": 1.5,
      "n_samples": 2796
    },
    "7": {
      "cv_accuracy": 0.8433476394849786,
      "cv_mae": 1.2973192732240229,
      "threshold": 2.0,
      "n_samples": 2796
    },
    "14": {
      "cv_accuracy": 0.7472103004291846,
      "cv_mae": 1.7666099517323126,
      "threshold": 3.5,
      "n_samples": 2796
    }
  }
}