{
  "last_trained": "2026-05-10 06:23:41",
  "horizons": {
    "3": {
      "cv_accuracy": 0.8262008733624453,
      "cv_mae": 0.8464235593977708,
      "threshold": 1.2,
      "n_samples": 2753
    },
    "5": {
      "cv_accuracy": 0.8755458515283843,
      "cv_mae": 1.0961070568268503,
      "threshold": 1.5,
      "n_samples": 2753
    },
    "7": {
      "cv_accuracy": 0.8432314410480348,
      "cv_mae": 1.3183723430600713,
      "threshold": 2.0,
      "n_samples": 2753
    },
    "14": {
      "cv_accuracy": 0.725764192139738,
      "cv_mae": 1.751797622887184,
      "threshold": 3.5,
      "n_samples": 2753
    }
  }
}