{
  "last_trained": "2026-04-03 10:57:10",
  "horizons": {
    "3": {
      "cv_accuracy": 0.8259340659340658,
      "cv_mae": 0.8357694397799816,
      "threshold": 1.2,
      "n_samples": 2730
    },
    "5": {
      "cv_accuracy": 0.8742857142857142,
      "cv_mae": 1.0866197801905506,
      "threshold": 1.5,
      "n_samples": 2730
    },
    "7": {
      "cv_accuracy": 0.8417582417582418,
      "cv_mae": 1.3292896301924555,
      "threshold": 2.0,
      "n_samples": 2730
    },
    "14": {
      "cv_accuracy": 0.7380219780219781,
      "cv_mae": 1.831969312038909,
      "threshold": 3.5,
      "n_samples": 2730
    }
  }
}