{
  "last_trained": "2026-07-19 06:14:06",
  "horizons": {
    "3": {
      "cv_accuracy": 0.8283261802575106,
      "cv_mae": 0.8412947238183275,
      "threshold": 1.2,
      "n_samples": 2801
    },
    "5": {
      "cv_accuracy": 0.87725321888412,
      "cv_mae": 1.0882629350642796,
      "threshold": 1.5,
      "n_samples": 2801
    },
    "7": {
      "cv_accuracy": 0.8403433476394848,
      "cv_mae": 1.313690060190351,
      "threshold": 2.0,
      "n_samples": 2801
    },
    "14": {
      "cv_accuracy": 0.7360515021459226,
      "cv_mae": 1.7614078639486075,
      "threshold": 3.5,
      "n_samples": 2801
    }
  }
}