{
  "last_trained": "2026-04-03 18:47:21",
  "horizons": {
    "3": {
      "cv_accuracy": 0.8254945054945054,
      "cv_mae": 0.8370402288062279,
      "threshold": 1.2,
      "n_samples": 2730
    },
    "5": {
      "cv_accuracy": 0.872087912087912,
      "cv_mae": 1.092111434960835,
      "threshold": 1.5,
      "n_samples": 2730
    },
    "7": {
      "cv_accuracy": 0.8413186813186814,
      "cv_mae": 1.3217303694699143,
      "threshold": 2.0,
      "n_samples": 2730
    },
    "14": {
      "cv_accuracy": 0.7402197802197803,
      "cv_mae": 1.8327439123038416,
      "threshold": 3.5,
      "n_samples": 2730
    }
  }
}