{
  "last_trained": "2026-05-24 06:50:38",
  "horizons": {
    "3": {
      "cv_accuracy": 0.8278260869565217,
      "cv_mae": 0.8437384354244047,
      "threshold": 1.2,
      "n_samples": 2763
    },
    "5": {
      "cv_accuracy": 0.8760869565217393,
      "cv_mae": 1.1018483647114112,
      "threshold": 1.5,
      "n_samples": 2763
    },
    "7": {
      "cv_accuracy": 0.8443478260869565,
      "cv_mae": 1.313725818490785,
      "threshold": 2.0,
      "n_samples": 2763
    },
    "14": {
      "cv_accuracy": 0.7334782608695652,
      "cv_mae": 1.7407463308132844,
      "threshold": 3.5,
      "n_samples": 2763
    }
  }
}