{
  "last_trained": "2026-07-05 06:55:49",
  "horizons": {
    "3": {
      "cv_accuracy": 0.8270967741935484,
      "cv_mae": 0.8567302173243203,
      "threshold": 1.2,
      "n_samples": 2791
    },
    "5": {
      "cv_accuracy": 0.8756989247311828,
      "cv_mae": 1.1051441083119253,
      "threshold": 1.5,
      "n_samples": 2791
    },
    "7": {
      "cv_accuracy": 0.8421505376344086,
      "cv_mae": 1.3024243266998436,
      "threshold": 2.0,
      "n_samples": 2791
    },
    "14": {
      "cv_accuracy": 0.7496774193548388,
      "cv_mae": 1.7631160656324636,
      "threshold": 3.5,
      "n_samples": 2791
    }
  }
}