{
  "last_trained": "2026-06-14 08:00:56",
  "horizons": {
    "3": {
      "cv_accuracy": 0.8272727272727274,
      "cv_mae": 0.8469379154297169,
      "threshold": 1.2,
      "n_samples": 2777
    },
    "5": {
      "cv_accuracy": 0.8770562770562771,
      "cv_mae": 1.0922819805494546,
      "threshold": 1.5,
      "n_samples": 2777
    },
    "7": {
      "cv_accuracy": 0.8441558441558442,
      "cv_mae": 1.3066871494471806,
      "threshold": 2.0,
      "n_samples": 2777
    },
    "14": {
      "cv_accuracy": 0.7441558441558442,
      "cv_mae": 1.7601092447731623,
      "threshold": 3.5,
      "n_samples": 2777
    }
  }
}