{
  "last_trained": "2026-06-21 08:14:55",
  "horizons": {
    "3": {
      "cv_accuracy": 0.8263498920086393,
      "cv_mae": 0.8396479440067246,
      "threshold": 1.2,
      "n_samples": 2782
    },
    "5": {
      "cv_accuracy": 0.8773218142548597,
      "cv_mae": 1.1156523837996764,
      "threshold": 1.5,
      "n_samples": 2782
    },
    "7": {
      "cv_accuracy": 0.8444924406047516,
      "cv_mae": 1.294582122034843,
      "threshold": 2.0,
      "n_samples": 2782
    },
    "14": {
      "cv_accuracy": 0.7494600431965444,
      "cv_mae": 1.7400101505072834,
      "threshold": 3.5,
      "n_samples": 2782
    }
  }
}