{
    "3": {
        "params": {
            "n_estimators": 200,
            "max_depth": 7,
            "learning_rate": 0.03,
            "subsample": 0.6,
            "colsample_bytree": 1.0,
            "reg_alpha": 0,
            "reg_lambda": 1.0
        },
        "avg_robust_logloss": 0.5970091767514221,
        "final_accuracy": 1.0,
        "final_logloss": 0.14432242381266258,
        "final_auc": 1.0,
        "holdout": {
            "n": 99,
            "accuracy": 1.0,
            "logloss": 0.13692484502059296,
            "auc": 1.0,
            "precision_recall": [
                1.0,
                1.0
            ]
        }
    },
    "5": {
        "params": {
            "n_estimators": 100,
            "max_depth": 7,
            "learning_rate": 0.05,
            "subsample": 0.8,
            "colsample_bytree": 1.0,
            "reg_alpha": 0.5,
            "reg_lambda": 3.0
        },
        "avg_robust_logloss": 0.6665167748561361,
        "final_accuracy": 0.9971264367816092,
        "final_logloss": 0.19607923271970487,
        "final_auc": 0.9999287419389319,
        "holdout": {
            "n": 99,
            "accuracy": 1.0,
            "logloss": 0.19509235549555715,
            "auc": 1.0,
            "precision_recall": [
                1.0,
                1.0
            ]
        }
    },
    "7": {
        "params": {
            "n_estimators": 100,
            "max_depth": 5,
            "learning_rate": 0.05,
            "subsample": 0.8,
            "colsample_bytree": 1.0,
            "reg_alpha": 0,
            "reg_lambda": 1.0
        },
        "avg_robust_logloss": 0.6720524076930544,
        "final_accuracy": 0.9770114942528736,
        "final_logloss": 0.29445013279113724,
        "final_auc": 0.9985267413574537,
        "holdout": {
            "n": 99,
            "accuracy": 0.98989898989899,
            "logloss": 0.2381825234362987,
            "auc": 1.0,
            "precision_recall": [
                1.0,
                0.96
            ]
        }
    },
    "14": {
        "params": {
            "n_estimators": 100,
            "max_depth": 5,
            "learning_rate": 0.03,
            "subsample": 0.6,
            "colsample_bytree": 1.0,
            "reg_alpha": 0.5,
            "reg_lambda": 1.0
        },
        "avg_robust_logloss": 0.6949304327096826,
        "final_accuracy": 0.9339080459770115,
        "final_logloss": 0.3588108585918713,
        "final_auc": 0.9872973424703326,
        "holdout": {
            "n": 99,
            "accuracy": 0.9494949494949495,
            "logloss": 0.32792454624212436,
            "auc": 0.98559670781893,
            "precision_recall": [
                0.8823529411764706,
                0.8333333333333334
            ]
        }
    },
    "28": {
        "params": {
            "n_estimators": 100,
            "max_depth": 7,
            "learning_rate": 0.05,
            "subsample": 0.8,
            "colsample_bytree": 0.7,
            "reg_alpha": 0,
            "reg_lambda": 1.0
        },
        "avg_robust_logloss": 0.7592075182682306,
        "final_accuracy": 0.9971264367816092,
        "final_logloss": 0.14141351743258745,
        "final_auc": 0.9999666132478633,
        "holdout": {
            "n": 99,
            "accuracy": 0.8787878787878788,
            "logloss": 0.2249586169544644,
            "auc": 0.9863701578192252,
            "precision_recall": [
                0.5862068965517241,
                1.0
            ]
        }
    }
}