{
    "3": {
        "params": {
            "n_estimators": 100,
            "max_depth": 7,
            "learning_rate": 0.03,
            "subsample": 0.6,
            "colsample_bytree": 1.0,
            "reg_alpha": 0,
            "reg_lambda": 1.0
        },
        "avg_robust_logloss": 0.5971626307931399,
        "final_accuracy": 0.9971264367816092,
        "final_logloss": 0.26254780628832725,
        "final_auc": 1.0,
        "holdout": {
            "n": 98,
            "accuracy": 1.0,
            "logloss": 0.2669198081682724,
            "auc": 1.0,
            "precision_recall": [
                1.0,
                1.0
            ]
        }
    },
    "5": {
        "params": {
            "n_estimators": 100,
            "max_depth": 7,
            "learning_rate": 0.05,
            "subsample": 0.8,
            "colsample_bytree": 1.0,
            "reg_alpha": 0.5,
            "reg_lambda": 3.0
        },
        "avg_robust_logloss": 0.6665111495975529,
        "final_accuracy": 0.9971264367816092,
        "final_logloss": 0.19641698099469979,
        "final_auc": 0.9999287419389319,
        "holdout": {
            "n": 98,
            "accuracy": 0.9795918367346939,
            "logloss": 0.22065284597964985,
            "auc": 0.9987179487179487,
            "precision_recall": [
                0.9090909090909091,
                1.0
            ]
        }
    },
    "7": {
        "params": {
            "n_estimators": 100,
            "max_depth": 7,
            "learning_rate": 0.05,
            "subsample": 0.6,
            "colsample_bytree": 1.0,
            "reg_alpha": 0.5,
            "reg_lambda": 1.0
        },
        "avg_robust_logloss": 0.671262669408037,
        "final_accuracy": 1.0,
        "final_logloss": 0.18459526286239478,
        "final_auc": 1.0,
        "holdout": {
            "n": 98,
            "accuracy": 0.9795918367346939,
            "logloss": 0.16421194607049605,
            "auc": 0.9993055555555556,
            "precision_recall": [
                0.9,
                1.0
            ]
        }
    },
    "14": {
        "params": {
            "n_estimators": 100,
            "max_depth": 5,
            "learning_rate": 0.03,
            "subsample": 0.6,
            "colsample_bytree": 1.0,
            "reg_alpha": 0.5,
            "reg_lambda": 1.0
        },
        "avg_robust_logloss": 0.6953826250997619,
        "final_accuracy": 0.9310344827586207,
        "final_logloss": 0.3599846202977761,
        "final_auc": 0.9869964900551562,
        "holdout": {
            "n": 98,
            "accuracy": 0.9285714285714286,
            "logloss": 0.34731501644611934,
            "auc": 0.9722222222222222,
            "precision_recall": [
                0.8235294117647058,
                0.7777777777777778
            ]
        }
    },
    "28": {
        "params": {
            "n_estimators": 100,
            "max_depth": 7,
            "learning_rate": 0.05,
            "subsample": 0.6,
            "colsample_bytree": 1.0,
            "reg_alpha": 0,
            "reg_lambda": 1.0
        },
        "avg_robust_logloss": 0.7625777496875549,
        "final_accuracy": 0.9942528735632183,
        "final_logloss": 0.1394745015773747,
        "final_auc": 0.9999666132478633,
        "holdout": {
            "n": 98,
            "accuracy": 1.0,
            "logloss": 0.08926711330356266,
            "auc": 1.0,
            "precision_recall": [
                1.0,
                1.0
            ]
        }
    }
}