{
    "3": {
        "params": {
            "n_estimators": 200,
            "max_depth": 7,
            "learning_rate": 0.03,
            "subsample": 0.6,
            "colsample_bytree": 1.0,
            "reg_alpha": 0,
            "reg_lambda": 1.0
        },
        "avg_robust_logloss": 0.5970383286476135,
        "final_accuracy": 1.0,
        "final_logloss": 0.14326044917106628,
        "final_auc": 1.0,
        "holdout": {
            "n": 98,
            "accuracy": 1.0,
            "logloss": 0.15131530165672302,
            "auc": 1.0,
            "precision_recall": [
                1.0,
                1.0
            ]
        }
    },
    "5": {
        "params": {
            "n_estimators": 100,
            "max_depth": 5,
            "learning_rate": 0.03,
            "subsample": 0.8,
            "colsample_bytree": 0.7,
            "reg_alpha": 0.5,
            "reg_lambda": 1.0
        },
        "avg_robust_logloss": 0.6651328653097153,
        "final_accuracy": 0.9540229885057471,
        "final_logloss": 0.4145474135875702,
        "final_auc": 0.9884918231374924,
        "holdout": {
            "n": 98,
            "accuracy": 0.9693877551020408,
            "logloss": 0.42253178358078003,
            "auc": 0.9973917579551382,
            "precision_recall": [
                0.9615384615384616,
                0.9259259259259259
            ]
        }
    },
    "7": {
        "params": {
            "n_estimators": 100,
            "max_depth": 5,
            "learning_rate": 0.05,
            "subsample": 0.6,
            "colsample_bytree": 0.7,
            "reg_alpha": 0,
            "reg_lambda": 3.0
        },
        "avg_robust_logloss": 0.6717548817396164,
        "final_accuracy": 0.9683908045977011,
        "final_logloss": 0.33512768149375916,
        "final_auc": 0.995340391270086,
        "holdout": {
            "n": 98,
            "accuracy": 0.9897959183673469,
            "logloss": 0.33893442153930664,
            "auc": 0.9990196078431373,
            "precision_recall": [
                0.967741935483871,
                1.0
            ]
        }
    },
    "14": {
        "params": {
            "n_estimators": 100,
            "max_depth": 3,
            "learning_rate": 0.03,
            "subsample": 0.6,
            "colsample_bytree": 0.7,
            "reg_alpha": 0,
            "reg_lambda": 1.0
        },
        "avg_robust_logloss": 0.692118689417839,
        "final_accuracy": 0.8333333333333334,
        "final_logloss": 0.5032550096511841,
        "final_auc": 0.9279959886344643,
        "holdout": {
            "n": 98,
            "accuracy": 0.8367346938775511,
            "logloss": 0.4808923304080963,
            "auc": 0.9765258215962441,
            "precision_recall": [
                0.627906976744186,
                1.0
            ]
        }
    },
    "28": {
        "params": {
            "n_estimators": 100,
            "max_depth": 7,
            "learning_rate": 0.05,
            "subsample": 1.0,
            "colsample_bytree": 0.7,
            "reg_alpha": 0,
            "reg_lambda": 3.0
        },
        "avg_robust_logloss": 0.7661523371934891,
        "final_accuracy": 0.9942528735632183,
        "final_logloss": 0.14173993468284607,
        "final_auc": 0.9999332264957265,
        "holdout": {
            "n": 98,
            "accuracy": 0.9897959183673469,
            "logloss": 0.15327922999858856,
            "auc": 1.0,
            "precision_recall": [
                1.0,
                0.9821428571428571
            ]
        }
    }
}