{
    "3": {
        "params": {
            "n_estimators": 100,
            "max_depth": 7,
            "learning_rate": 0.03,
            "subsample": 0.6,
            "colsample_bytree": 1.0,
            "reg_alpha": 0,
            "reg_lambda": 1.0
        },
        "avg_robust_logloss": 0.597346736240681,
        "final_accuracy": 0.9913793103448276,
        "final_logloss": 0.2617122632001795,
        "final_auc": 0.9999112373513226,
        "holdout": {
            "n": 98,
            "accuracy": 1.0,
            "logloss": 0.2716916054389837,
            "auc": 1.0,
            "precision_recall": [
                1.0,
                1.0
            ]
        }
    },
    "5": {
        "params": {
            "n_estimators": 100,
            "max_depth": 7,
            "learning_rate": 0.05,
            "subsample": 0.8,
            "colsample_bytree": 1.0,
            "reg_alpha": 0.5,
            "reg_lambda": 3.0
        },
        "avg_robust_logloss": 0.666476559463067,
        "final_accuracy": 0.9971264367816092,
        "final_logloss": 0.20121837869216377,
        "final_auc": 0.9998931129083978,
        "holdout": {
            "n": 98,
            "accuracy": 1.0,
            "logloss": 0.20135854986240445,
            "auc": 1.0,
            "precision_recall": [
                1.0,
                1.0
            ]
        }
    },
    "7": {
        "params": {
            "n_estimators": 100,
            "max_depth": 7,
            "learning_rate": 0.05,
            "subsample": 0.6,
            "colsample_bytree": 1.0,
            "reg_alpha": 0.5,
            "reg_lambda": 1.0
        },
        "avg_robust_logloss": 0.6721646617642919,
        "final_accuracy": 1.0,
        "final_logloss": 0.18864825674300753,
        "final_auc": 1.0,
        "holdout": {
            "n": 98,
            "accuracy": 0.9897959183673469,
            "logloss": 0.15809722262003373,
            "auc": 1.0,
            "precision_recall": [
                0.9545454545454546,
                1.0
            ]
        }
    },
    "14": {
        "params": {
            "n_estimators": 200,
            "max_depth": 3,
            "learning_rate": 0.03,
            "subsample": 0.6,
            "colsample_bytree": 0.7,
            "reg_alpha": 0,
            "reg_lambda": 1.0
        },
        "avg_robust_logloss": 0.6943072316340626,
        "final_accuracy": 0.9022988505747126,
        "final_logloss": 0.40875802893870417,
        "final_auc": 0.9626943005181348,
        "holdout": {
            "n": 98,
            "accuracy": 0.9285714285714286,
            "logloss": 0.3222606304893152,
            "auc": 0.96875,
            "precision_recall": [
                0.7894736842105263,
                0.8333333333333334
            ]
        }
    },
    "28": {
        "params": {
            "n_estimators": 100,
            "max_depth": 7,
            "learning_rate": 0.05,
            "subsample": 0.8,
            "colsample_bytree": 0.7,
            "reg_alpha": 0,
            "reg_lambda": 1.0
        },
        "avg_robust_logloss": 0.7587294892702532,
        "final_accuracy": 0.9971264367816092,
        "final_logloss": 0.13676943687283286,
        "final_auc": 0.9999666132478633,
        "holdout": {
            "n": 98,
            "accuracy": 0.9795918367346939,
            "logloss": 0.15550523112490736,
            "auc": 1.0,
            "precision_recall": [
                0.8823529411764706,
                1.0
            ]
        }
    }
}