{
    "3": {
        "params": {
            "n_estimators": 200,
            "max_depth": 7,
            "learning_rate": 0.03,
            "subsample": 0.6,
            "colsample_bytree": 1.0,
            "reg_alpha": 0,
            "reg_lambda": 1.0
        },
        "avg_robust_logloss": 0.5963814407587051,
        "final_accuracy": 1.0,
        "final_logloss": 0.14165514707565308,
        "final_auc": 1.0,
        "holdout": {
            "n": 99,
            "accuracy": 0.9696969696969697,
            "logloss": 0.17883993685245514,
            "auc": 0.9995169082125605,
            "precision_recall": [
                1.0,
                0.9
            ]
        }
    },
    "5": {
        "params": {
            "n_estimators": 100,
            "max_depth": 7,
            "learning_rate": 0.03,
            "subsample": 0.8,
            "colsample_bytree": 0.7,
            "reg_alpha": 0.5,
            "reg_lambda": 1.0
        },
        "avg_robust_logloss": 0.6662883013486862,
        "final_accuracy": 0.9913793103448276,
        "final_logloss": 0.28006604313850403,
        "final_auc": 0.9993586774503866,
        "holdout": {
            "n": 99,
            "accuracy": 1.0,
            "logloss": 0.28250834345817566,
            "auc": 1.0,
            "precision_recall": [
                1.0,
                1.0
            ]
        }
    },
    "7": {
        "params": {
            "n_estimators": 100,
            "max_depth": 7,
            "learning_rate": 0.05,
            "subsample": 1.0,
            "colsample_bytree": 0.7,
            "reg_alpha": 0.5,
            "reg_lambda": 3.0
        },
        "avg_robust_logloss": 0.6715374141931534,
        "final_accuracy": 1.0,
        "final_logloss": 0.1974242925643921,
        "final_auc": 1.0,
        "holdout": {
            "n": 99,
            "accuracy": 0.98989898989899,
            "logloss": 0.21239206194877625,
            "auc": 1.0,
            "precision_recall": [
                1.0,
                0.9736842105263158
            ]
        }
    },
    "14": {
        "params": {
            "n_estimators": 100,
            "max_depth": 3,
            "learning_rate": 0.05,
            "subsample": 0.6,
            "colsample_bytree": 0.7,
            "reg_alpha": 0.5,
            "reg_lambda": 3.0
        },
        "avg_robust_logloss": 0.6904201209545135,
        "final_accuracy": 0.867816091954023,
        "final_logloss": 0.45142439007759094,
        "final_auc": 0.9469162627444425,
        "holdout": {
            "n": 99,
            "accuracy": 0.9191919191919192,
            "logloss": 0.4020668864250183,
            "auc": 0.9580564784053156,
            "precision_recall": [
                0.8431372549019608,
                1.0
            ]
        }
    },
    "28": {
        "params": {
            "n_estimators": 100,
            "max_depth": 7,
            "learning_rate": 0.05,
            "subsample": 1.0,
            "colsample_bytree": 0.7,
            "reg_alpha": 0,
            "reg_lambda": 3.0
        },
        "avg_robust_logloss": 0.7667026966810226,
        "final_accuracy": 0.9942528735632183,
        "final_logloss": 0.14708513021469116,
        "final_auc": 0.9998998397435898,
        "holdout": {
            "n": 99,
            "accuracy": 1.0,
            "logloss": 0.13907085359096527,
            "auc": 1.0,
            "precision_recall": [
                1.0,
                1.0
            ]
        }
    }
}