{
    "3": {
        "params": {
            "n_estimators": 50,
            "max_depth": 5,
            "learning_rate": 0.01,
            "subsample": 1.0
        },
        "avg_robust_logloss": 0.6049848164577147,
        "final_accuracy": 0.7528735632183908,
        "final_logloss": 0.5037989370616145
    },
    "5": {
        "params": {
            "n_estimators": 100,
            "max_depth": 7,
            "learning_rate": 0.01,
            "subsample": 0.5
        },
        "avg_robust_logloss": 0.6659502407201869,
        "final_accuracy": 0.8103448275862069,
        "final_logloss": 0.4795014641319347
    },
    "7": {
        "params": {
            "n_estimators": 50,
            "max_depth": 3,
            "learning_rate": 0.05,
            "subsample": 0.8
        },
        "avg_robust_logloss": 0.6705996746749888,
        "final_accuracy": 0.7586206896551724,
        "final_logloss": 0.5553830894060945
    },
    "14": {
        "params": {
            "n_estimators": 50,
            "max_depth": 3,
            "learning_rate": 0.01,
            "subsample": 0.8
        },
        "avg_robust_logloss": 0.696953770908142,
        "final_accuracy": 0.7241379310344828,
        "final_logloss": 0.6393920901016729
    },
    "21": {
        "params": {
            "n_estimators": 50,
            "max_depth": 3,
            "learning_rate": 0.01,
            "subsample": 0.5
        },
        "avg_robust_logloss": 0.6901285823973895,
        "final_accuracy": 0.7614942528735632,
        "final_logloss": 0.6335355314800015
    },
    "30": {
        "params": {
            "n_estimators": 50,
            "max_depth": 9,
            "learning_rate": 0.01,
            "subsample": 0.8
        },
        "avg_robust_logloss": 0.7119213620322754,
        "final_accuracy": 0.9568965517241379,
        "final_logloss": 0.4668938953660802
    }
}