{
    "3": {
        "params": {
            "n_estimators": 300,
            "max_depth": 7,
            "learning_rate": 0.03,
            "subsample": 0.6,
            "colsample_bytree": 1.0,
            "reg_alpha": 0,
            "reg_lambda": 1.0
        },
        "avg_robust_logloss": 0.5935495048761368,
        "final_accuracy": 1.0,
        "final_logloss": 0.08651233464479446,
        "final_auc": 1.0,
        "holdout": {
            "n": 98,
            "accuracy": 0.9693877551020408,
            "logloss": 0.10912054777145386,
            "auc": 1.0,
            "precision_recall": [
                1.0,
                0.88
            ]
        }
    },
    "5": {
        "params": {
            "n_estimators": 100,
            "max_depth": 5,
            "learning_rate": 0.05,
            "subsample": 0.8,
            "colsample_bytree": 1.0,
            "reg_alpha": 0.5,
            "reg_lambda": 3.0
        },
        "avg_robust_logloss": 0.6664332896471024,
        "final_accuracy": 0.9712643678160919,
        "final_logloss": 0.33075278997421265,
        "final_auc": 0.9946912744504222,
        "holdout": {
            "n": 98,
            "accuracy": 0.9387755102040817,
            "logloss": 0.34990668296813965,
            "auc": 0.9885057471264368,
            "precision_recall": [
                1.0,
                0.7931034482758621
            ]
        }
    },
    "7": {
        "params": {
            "n_estimators": 100,
            "max_depth": 7,
            "learning_rate": 0.05,
            "subsample": 0.6,
            "colsample_bytree": 1.0,
            "reg_alpha": 0.5,
            "reg_lambda": 1.0
        },
        "avg_robust_logloss": 0.6723223030567169,
        "final_accuracy": 0.9971264367816092,
        "final_logloss": 0.18650761246681213,
        "final_auc": 1.0,
        "holdout": {
            "n": 98,
            "accuracy": 0.9693877551020408,
            "logloss": 0.1835477352142334,
            "auc": 0.9984693877551021,
            "precision_recall": [
                1.0,
                0.8928571428571429
            ]
        }
    },
    "14": {
        "params": {
            "n_estimators": 200,
            "max_depth": 3,
            "learning_rate": 0.03,
            "subsample": 0.6,
            "colsample_bytree": 0.7,
            "reg_alpha": 0,
            "reg_lambda": 3.0
        },
        "avg_robust_logloss": 0.6963345855474472,
        "final_accuracy": 0.8908045977011494,
        "final_logloss": 0.4200487732887268,
        "final_auc": 0.9595186361357178,
        "holdout": {
            "n": 98,
            "accuracy": 0.8469387755102041,
            "logloss": 0.37182727456092834,
            "auc": 0.9664634146341464,
            "precision_recall": [
                0.5185185185185185,
                0.875
            ]
        }
    },
    "28": {
        "params": {
            "n_estimators": 100,
            "max_depth": 7,
            "learning_rate": 0.05,
            "subsample": 0.8,
            "colsample_bytree": 0.7,
            "reg_alpha": 0,
            "reg_lambda": 1.0
        },
        "avg_robust_logloss": 0.7590328305959702,
        "final_accuracy": 0.9971264367816092,
        "final_logloss": 0.1401662528514862,
        "final_auc": 1.0,
        "holdout": {
            "n": 98,
            "accuracy": 0.9387755102040817,
            "logloss": 0.14397290349006653,
            "auc": 1.0,
            "precision_recall": [
                0.7142857142857143,
                1.0
            ]
        }
    }
}