{
    "3": {
        "params": {
            "n_estimators": 100,
            "max_depth": 7,
            "learning_rate": 0.03,
            "subsample": 0.6,
            "colsample_bytree": 1.0,
            "reg_alpha": 0,
            "reg_lambda": 1.0
        },
        "avg_robust_logloss": 0.5976178497076035,
        "final_accuracy": 0.9942528735632183,
        "final_logloss": 0.26786091923713684,
        "final_auc": 0.9999556186756613,
        "holdout": {
            "n": 98,
            "accuracy": 0.9693877551020408,
            "logloss": 0.29305872321128845,
            "auc": 0.9853938445487742,
            "precision_recall": [
                1.0,
                0.8888888888888888
            ]
        }
    },
    "5": {
        "params": {
            "n_estimators": 100,
            "max_depth": 5,
            "learning_rate": 0.03,
            "subsample": 0.8,
            "colsample_bytree": 0.7,
            "reg_alpha": 0.5,
            "reg_lambda": 1.0
        },
        "avg_robust_logloss": 0.6651452034711838,
        "final_accuracy": 0.9511494252873564,
        "final_logloss": 0.41346991062164307,
        "final_auc": 0.9880286457405495,
        "holdout": {
            "n": 98,
            "accuracy": 0.9795918367346939,
            "logloss": 0.4167954921722412,
            "auc": 0.9983561643835616,
            "precision_recall": [
                0.96,
                0.96
            ]
        }
    },
    "7": {
        "params": {
            "n_estimators": 100,
            "max_depth": 7,
            "learning_rate": 0.05,
            "subsample": 1.0,
            "colsample_bytree": 0.7,
            "reg_alpha": 0.5,
            "reg_lambda": 3.0
        },
        "avg_robust_logloss": 0.6714105606079102,
        "final_accuracy": 0.9971264367816092,
        "final_logloss": 0.1975100338459015,
        "final_auc": 1.0,
        "holdout": {
            "n": 98,
            "accuracy": 0.9897959183673469,
            "logloss": 0.18904195725917816,
            "auc": 1.0,
            "precision_recall": [
                1.0,
                0.9714285714285714
            ]
        }
    },
    "14": {
        "params": {
            "n_estimators": 100,
            "max_depth": 5,
            "learning_rate": 0.05,
            "subsample": 0.8,
            "colsample_bytree": 0.7,
            "reg_alpha": 0.5,
            "reg_lambda": 1.0
        },
        "avg_robust_logloss": 0.6904888451099396,
        "final_accuracy": 0.9712643678160919,
        "final_logloss": 0.26104357838630676,
        "final_auc": 0.9967574795253218,
        "holdout": {
            "n": 98,
            "accuracy": 0.9795918367346939,
            "logloss": 0.18276214599609375,
            "auc": 0.9982616253802695,
            "precision_recall": [
                0.9512195121951219,
                1.0
            ]
        }
    },
    "28": {
        "params": {
            "n_estimators": 100,
            "max_depth": 7,
            "learning_rate": 0.05,
            "subsample": 1.0,
            "colsample_bytree": 0.7,
            "reg_alpha": 0,
            "reg_lambda": 3.0
        },
        "avg_robust_logloss": 0.7657602578401566,
        "final_accuracy": 0.9942528735632183,
        "final_logloss": 0.13444630801677704,
        "final_auc": 0.9998998397435896,
        "holdout": {
            "n": 98,
            "accuracy": 0.9897959183673469,
            "logloss": 0.12525057792663574,
            "auc": 1.0,
            "precision_recall": [
                1.0,
                0.9807692307692307
            ]
        }
    }
}