{
    "3": {
        "params": {
            "n_estimators": 200,
            "max_depth": 7,
            "learning_rate": 0.03,
            "subsample": 0.6,
            "colsample_bytree": 1.0,
            "reg_alpha": 0,
            "reg_lambda": 1.0
        },
        "avg_robust_logloss": 0.5971626490354538,
        "final_accuracy": 1.0,
        "final_logloss": 0.1407501995563507,
        "final_auc": 1.0,
        "holdout": {
            "n": 98,
            "accuracy": 1.0,
            "logloss": 0.15440648794174194,
            "auc": 1.0,
            "precision_recall": [
                1.0,
                1.0
            ]
        }
    },
    "5": {
        "params": {
            "n_estimators": 100,
            "max_depth": 7,
            "learning_rate": 0.05,
            "subsample": 0.6,
            "colsample_bytree": 0.7,
            "reg_alpha": 0.5,
            "reg_lambda": 1.0
        },
        "avg_robust_logloss": 0.6658717393875122,
        "final_accuracy": 0.9913793103448276,
        "final_logloss": 0.21062543988227844,
        "final_auc": 0.999572451633591,
        "holdout": {
            "n": 98,
            "accuracy": 0.9693877551020408,
            "logloss": 0.22284412384033203,
            "auc": 1.0,
            "precision_recall": [
                1.0,
                0.90625
            ]
        }
    },
    "7": {
        "params": {
            "n_estimators": 100,
            "max_depth": 7,
            "learning_rate": 0.05,
            "subsample": 1.0,
            "colsample_bytree": 0.7,
            "reg_alpha": 0.5,
            "reg_lambda": 3.0
        },
        "avg_robust_logloss": 0.6715904325246811,
        "final_accuracy": 0.9971264367816092,
        "final_logloss": 0.19965893030166626,
        "final_auc": 1.0,
        "holdout": {
            "n": 98,
            "accuracy": 0.9591836734693877,
            "logloss": 0.20943692326545715,
            "auc": 0.9944055944055944,
            "precision_recall": [
                1.0,
                0.8787878787878788
            ]
        }
    },
    "14": {
        "params": {
            "n_estimators": 100,
            "max_depth": 3,
            "learning_rate": 0.05,
            "subsample": 0.6,
            "colsample_bytree": 0.7,
            "reg_alpha": 0.5,
            "reg_lambda": 1.0
        },
        "avg_robust_logloss": 0.6920119076967239,
        "final_accuracy": 0.8879310344827587,
        "final_logloss": 0.42981675267219543,
        "final_auc": 0.9556409827845562,
        "holdout": {
            "n": 98,
            "accuracy": 0.9693877551020408,
            "logloss": 0.3311665654182434,
            "auc": 0.9901960784313726,
            "precision_recall": [
                0.9090909090909091,
                1.0
            ]
        }
    },
    "28": {
        "params": {
            "n_estimators": 100,
            "max_depth": 7,
            "learning_rate": 0.05,
            "subsample": 1.0,
            "colsample_bytree": 0.7,
            "reg_alpha": 0.5,
            "reg_lambda": 1.0
        },
        "avg_robust_logloss": 0.7622929811477661,
        "final_accuracy": 0.9942528735632183,
        "final_logloss": 0.1387365609407425,
        "final_auc": 0.9999332264957266,
        "holdout": {
            "n": 98,
            "accuracy": 0.9489795918367347,
            "logloss": 0.16203846037387848,
            "auc": 1.0,
            "precision_recall": [
                0.75,
                1.0
            ]
        }
    }
}