{
    "3": {
        "params": {
            "n_estimators": 100,
            "max_depth": 7,
            "learning_rate": 0.03,
            "subsample": 0.6,
            "colsample_bytree": 1.0,
            "reg_alpha": 0,
            "reg_lambda": 1.0
        },
        "avg_robust_logloss": 0.599182760207696,
        "final_accuracy": 0.9971264367816092,
        "final_logloss": 0.26037953196046454,
        "final_auc": 0.9999112373513226,
        "holdout": {
            "n": 98,
            "accuracy": 1.0,
            "logloss": 0.24603314700824133,
            "auc": 1.0,
            "precision_recall": [
                1.0,
                1.0
            ]
        }
    },
    "5": {
        "params": {
            "n_estimators": 100,
            "max_depth": 7,
            "learning_rate": 0.05,
            "subsample": 0.8,
            "colsample_bytree": 1.0,
            "reg_alpha": 0.5,
            "reg_lambda": 3.0
        },
        "avg_robust_logloss": 0.6664910241549002,
        "final_accuracy": 0.9971264367816092,
        "final_logloss": 0.19566149350977313,
        "final_auc": 0.9999287419389319,
        "holdout": {
            "n": 98,
            "accuracy": 1.0,
            "logloss": 0.19641554367899053,
            "auc": 1.0,
            "precision_recall": [
                1.0,
                1.0
            ]
        }
    },
    "7": {
        "params": {
            "n_estimators": 100,
            "max_depth": 5,
            "learning_rate": 0.03,
            "subsample": 0.6,
            "colsample_bytree": 0.7,
            "reg_alpha": 0,
            "reg_lambda": 1.0
        },
        "avg_robust_logloss": 0.6710154782843074,
        "final_accuracy": 0.9454022988505747,
        "final_logloss": 0.4031882634814114,
        "final_auc": 0.9924966594716826,
        "holdout": {
            "n": 98,
            "accuracy": 0.9183673469387755,
            "logloss": 0.34750572514709743,
            "auc": 0.9857761286332715,
            "precision_recall": [
                0.8823529411764706,
                0.7142857142857143
            ]
        }
    },
    "14": {
        "params": {
            "n_estimators": 100,
            "max_depth": 5,
            "learning_rate": 0.05,
            "subsample": 0.8,
            "colsample_bytree": 1.0,
            "reg_alpha": 0,
            "reg_lambda": 3.0
        },
        "avg_robust_logloss": 0.6954420154723671,
        "final_accuracy": 0.9597701149425287,
        "final_logloss": 0.25877804541645627,
        "final_auc": 0.9967240514791911,
        "holdout": {
            "n": 98,
            "accuracy": 0.9081632653061225,
            "logloss": 0.327670158539785,
            "auc": 0.9353667392883079,
            "precision_recall": [
                0.7,
                0.8235294117647058
            ]
        }
    }
}