{
    "3": {
        "params": {
            "n_estimators": 100,
            "max_depth": 7,
            "learning_rate": 0.03,
            "subsample": 0.6,
            "colsample_bytree": 1.0,
            "reg_alpha": 0,
            "reg_lambda": 1.0
        },
        "avg_robust_logloss": 0.5973793379893855,
        "final_accuracy": 0.9942528735632183,
        "final_logloss": 0.26820850330680085,
        "final_auc": 0.9999112373513226,
        "holdout": {
            "n": 97,
            "accuracy": 1.0,
            "logloss": 0.2762792437805538,
            "auc": 1.0,
            "precision_recall": [
                1.0,
                1.0
            ]
        }
    },
    "5": {
        "params": {
            "n_estimators": 100,
            "max_depth": 7,
            "learning_rate": 0.05,
            "subsample": 0.8,
            "colsample_bytree": 1.0,
            "reg_alpha": 0.5,
            "reg_lambda": 3.0
        },
        "avg_robust_logloss": 0.6663839086162757,
        "final_accuracy": 0.9971264367816092,
        "final_logloss": 0.19498258920445177,
        "final_auc": 0.9999643709694659,
        "holdout": {
            "n": 97,
            "accuracy": 1.0,
            "logloss": 0.21228738260786084,
            "auc": 1.0,
            "precision_recall": [
                1.0,
                1.0
            ]
        }
    },
    "7": {
        "params": {
            "n_estimators": 100,
            "max_depth": 7,
            "learning_rate": 0.05,
            "subsample": 0.6,
            "colsample_bytree": 1.0,
            "reg_alpha": 0.5,
            "reg_lambda": 1.0
        },
        "avg_robust_logloss": 0.6722684979101727,
        "final_accuracy": 0.9971264367816092,
        "final_logloss": 0.18909873665057136,
        "final_auc": 1.0,
        "holdout": {
            "n": 97,
            "accuracy": 0.9587628865979382,
            "logloss": 0.1833133729687083,
            "auc": 0.9994124559341951,
            "precision_recall": [
                0.8518518518518519,
                1.0
            ]
        }
    },
    "14": {
        "params": {
            "n_estimators": 100,
            "max_depth": 7,
            "learning_rate": 0.03,
            "subsample": 0.6,
            "colsample_bytree": 1.0,
            "reg_alpha": 0,
            "reg_lambda": 1.0
        },
        "avg_robust_logloss": 0.6974628473506127,
        "final_accuracy": 0.9741379310344828,
        "final_logloss": 0.2336969149740539,
        "final_auc": 0.9987297342470333,
        "holdout": {
            "n": 97,
            "accuracy": 0.9587628865979382,
            "logloss": 0.23965553059418623,
            "auc": 0.9933095450490633,
            "precision_recall": [
                0.9473684210526315,
                0.9473684210526315
            ]
        }
    },
    "28": {
        "params": {
            "n_estimators": 100,
            "max_depth": 7,
            "learning_rate": 0.05,
            "subsample": 0.6,
            "colsample_bytree": 1.0,
            "reg_alpha": 0,
            "reg_lambda": 1.0
        },
        "avg_robust_logloss": 0.7613550114955852,
        "final_accuracy": 0.9971264367816092,
        "final_logloss": 0.1358912989310623,
        "final_auc": 0.9999332264957266,
        "holdout": {
            "n": 97,
            "accuracy": 1.0,
            "logloss": 0.10110400813117358,
            "auc": 1.0,
            "precision_recall": [
                1.0,
                1.0
            ]
        }
    }
}