{
  "last_trained": "2026-04-03 10:59:14",
  "metrics": {
    "cv_accuracy": 0.9046153846153846,
    "rev_freq": 8.498168498168498,
    "n_samples": 2730
  }
}