{
  "last_trained": "2026-04-19 05:42:26",
  "metrics": {
    "cv_accuracy": 0.9026315789473685,
    "rev_freq": 8.616283315078496,
    "n_samples": 2739
  }
}