{
  "last_trained": "2026-07-12 06:20:53",
  "metrics": {
    "cv_accuracy": 0.897854077253219,
    "rev_freq": 8.726752503576538,
    "n_samples": 2796
  }
}