{
  "last_trained": "2026-05-31 07:12:28",
  "metrics": {
    "cv_accuracy": 0.899349240780911,
    "rev_freq": 8.673653776653415,
    "n_samples": 2767
  }
}