{
  "last_trained": "2026-05-17 06:38:35",
  "metrics": {
    "cv_accuracy": 0.8993464052287582,
    "rev_freq": 8.593183466279914,
    "n_samples": 2758
  }
}