{
  "last_trained": "2026-06-14 08:02:38",
  "metrics": {
    "cv_accuracy": 0.8961038961038961,
    "rev_freq": 8.67842996038891,
    "n_samples": 2777
  }
}