{
  "last_trained": "2026-05-03 06:18:49",
  "metrics": {
    "cv_accuracy": 0.9034934497816594,
    "rev_freq": 8.58806404657933,
    "n_samples": 2748
  }
}