{
  "last_trained": "2026-06-28 07:40:07",
  "metrics": {
    "cv_accuracy": 0.8991379310344829,
    "rev_freq": 8.722182340272793,
    "n_samples": 2786
  }
}