{
  "last_trained": "2026-06-07 07:43:19",
  "metrics": {
    "cv_accuracy": 0.903030303030303,
    "rev_freq": 8.694083694083695,
    "n_samples": 2772
  }
}