{
  "last_trained": "2026-07-19 06:16:02",
  "metrics": {
    "cv_accuracy": 0.897854077253219,
    "rev_freq": 8.746876115672976,
    "n_samples": 2801
  }
}