{
  "last_trained": "2026-06-21 08:16:47",
  "metrics": {
    "cv_accuracy": 0.8958963282937364,
    "rev_freq": 8.698777857656362,
    "n_samples": 2782
  }
}