{
  "last_trained": "2026-07-05 06:57:38",
  "metrics": {
    "cv_accuracy": 0.895483870967742,
    "rev_freq": 8.706556789681118,
    "n_samples": 2791
  }
}