{
  "last_trained": "2026-05-17 06:37:06",
  "threshold_pct": 4.0,
  "horizons": {
    "28": {
      "PUT": {
        "cv_accuracy": 0.4997821350762527,
        "safe_pct": 66.56997824510515,
        "n_samples": 2758
      },
      "CALL": {
        "cv_accuracy": 0.5032679738562091,
        "safe_pct": 55.910079767947785,
        "n_samples": 2758
      }
    }
  }
}