{
  "last_trained": "2026-05-31 07:11:02",
  "threshold_pct": 4.0,
  "horizons": {
    "28": {
      "PUT": {
        "cv_accuracy": 0.528416485900217,
        "safe_pct": 65.63064691001084,
        "n_samples": 2767
      },
      "CALL": {
        "cv_accuracy": 0.4737527114967463,
        "safe_pct": 56.993133357426814,
        "n_samples": 2767
      }
    }
  }
}