{
  "last_trained": "2026-06-14 08:01:16",
  "threshold_pct": 4.0,
  "horizons": {
    "28": {
      "PUT": {
        "cv_accuracy": 0.5402597402597402,
        "safe_pct": 65.46633057256031,
        "n_samples": 2777
      },
      "CALL": {
        "cv_accuracy": 0.4714285714285714,
        "safe_pct": 57.14800144040332,
        "n_samples": 2777
      }
    }
  }
}