{
  "last_trained": "2026-05-03 06:17:25",
  "threshold_pct": 4.0,
  "horizons": {
    "28": {
      "PUT": {
        "cv_accuracy": 0.5475982532751091,
        "safe_pct": 65.53857350800583,
        "n_samples": 2748
      },
      "CALL": {
        "cv_accuracy": 0.5074235807860262,
        "safe_pct": 56.077147016011644,
        "n_samples": 2748
      }
    }
  }
}