{
  "last_trained": "2026-05-10 06:24:01",
  "threshold_pct": 4.0,
  "horizons": {
    "28": {
      "PUT": {
        "cv_accuracy": 0.5318777292576419,
        "safe_pct": 66.54558663276426,
        "n_samples": 2753
      },
      "CALL": {
        "cv_accuracy": 0.49170305676855897,
        "safe_pct": 56.011623683254626,
        "n_samples": 2753
      }
    }
  }
}