{
  "last_trained": "2026-04-26 05:57:05",
  "threshold_pct": 4.0,
  "horizons": {
    "28": {
      "PUT": {
        "cv_accuracy": 0.5592997811816193,
        "safe_pct": 65.634110787172,
        "n_samples": 2744
      },
      "CALL": {
        "cv_accuracy": 0.4945295404814004,
        "safe_pct": 57.14285714285714,
        "n_samples": 2744
      }
    }
  }
}