{
  "last_trained": "2026-04-19 05:41:04",
  "threshold_pct": 4.0,
  "horizons": {
    "28": {
      "PUT": {
        "cv_accuracy": 0.5407894736842105,
        "safe_pct": 65.75392479006938,
        "n_samples": 2739
      },
      "CALL": {
        "cv_accuracy": 0.5188596491228069,
        "safe_pct": 56.11537057320189,
        "n_samples": 2739
      }
    }
  }
}