{
  "last_trained": "2026-06-07 07:41:52",
  "threshold_pct": 4.0,
  "horizons": {
    "28": {
      "PUT": {
        "cv_accuracy": 0.5151515151515151,
        "safe_pct": 66.55844155844156,
        "n_samples": 2772
      },
      "CALL": {
        "cv_accuracy": 0.47272727272727266,
        "safe_pct": 57.07070707070707,
        "n_samples": 2772
      }
    }
  }
}