{
  "last_trained": "2026-07-12 06:19:23",
  "threshold_pct": 4.0,
  "horizons": {
    "28": {
      "PUT": {
        "cv_accuracy": 0.5218884120171674,
        "safe_pct": 66.52360515021459,
        "n_samples": 2796
      },
      "CALL": {
        "cv_accuracy": 0.4785407725321889,
        "safe_pct": 56.40200286123033,
        "n_samples": 2796
      }
    }
  }
}