{
  "last_trained": "2026-07-19 06:14:30",
  "threshold_pct": 4.0,
  "horizons": {
    "28": {
      "PUT": {
        "cv_accuracy": 0.5429184549356223,
        "safe_pct": 66.58336308461263,
        "n_samples": 2801
      },
      "CALL": {
        "cv_accuracy": 0.5064377682403434,
        "safe_pct": 56.301320956801135,
        "n_samples": 2801
      }
    }
  }
}