{
  "last_trained": "2026-07-05 06:56:12",
  "threshold_pct": 4.0,
  "horizons": {
    "28": {
      "PUT": {
        "cv_accuracy": 0.5574193548387096,
        "safe_pct": 66.49946255822286,
        "n_samples": 2791
      },
      "CALL": {
        "cv_accuracy": 0.47827956989247317,
        "safe_pct": 57.36295234682909,
        "n_samples": 2791
      }
    }
  }
}