{
  "last_trained": "2026-06-28 07:38:35",
  "threshold_pct": 4.0,
  "horizons": {
    "28": {
      "PUT": {
        "cv_accuracy": 0.5469827586206896,
        "safe_pct": 66.43933955491744,
        "n_samples": 2786
      },
      "CALL": {
        "cv_accuracy": 0.45948275862068966,
        "safe_pct": 57.286432160804026,
        "n_samples": 2786
      }
    }
  }
}