{
  "last_trained": "2026-07-05 06:56:08",
  "horizons": {
    "1": {
      "cv_accuracy": 0.6017204301075268,
      "vix_up_pct": 45.64672160515944,
      "n_samples": 2791
    },
    "3": {
      "cv_accuracy": 0.5617204301075269,
      "vix_up_pct": 48.692225008957365,
      "n_samples": 2791
    },
    "5": {
      "cv_accuracy": 0.5664516129032259,
      "vix_up_pct": 47.54568255105697,
      "n_samples": 2791
    },
    "7": {
      "cv_accuracy": 0.546236559139785,
      "vix_up_pct": 47.43819419562881,
      "n_samples": 2791
    }
  }
}