{
  "last_trained": "2026-07-12 06:19:19",
  "horizons": {
    "1": {
      "cv_accuracy": 0.6021459227467811,
      "vix_up_pct": 45.67238912732475,
      "n_samples": 2796
    },
    "3": {
      "cv_accuracy": 0.5639484978540773,
      "vix_up_pct": 48.712446351931334,
      "n_samples": 2796
    },
    "5": {
      "cv_accuracy": 0.5712446351931331,
      "vix_up_pct": 47.532188841201716,
      "n_samples": 2796
    },
    "7": {
      "cv_accuracy": 0.5381974248927038,
      "vix_up_pct": 47.35336194563662,
      "n_samples": 2796
    }
  }
}