{
  "last_trained": "2026-06-28 07:38:31",
  "horizons": {
    "1": {
      "cv_accuracy": 0.6004310344827587,
      "vix_up_pct": 45.65685570710696,
      "n_samples": 2786
    },
    "3": {
      "cv_accuracy": 0.5737068965517241,
      "vix_up_pct": 48.7078248384781,
      "n_samples": 2786
    },
    "5": {
      "cv_accuracy": 0.569396551724138,
      "vix_up_pct": 47.55922469490309,
      "n_samples": 2786
    },
    "7": {
      "cv_accuracy": 0.5482758620689656,
      "vix_up_pct": 47.415649676956214,
      "n_samples": 2786
    }
  }
}