{
  "last_trained": "2026-06-21 08:15:14",
  "horizons": {
    "1": {
      "cv_accuracy": 0.5991360691144709,
      "vix_up_pct": 45.68655643421999,
      "n_samples": 2782
    },
    "3": {
      "cv_accuracy": 0.573218142548596,
      "vix_up_pct": 48.67002156721783,
      "n_samples": 2782
    },
    "5": {
      "cv_accuracy": 0.5637149028077754,
      "vix_up_pct": 47.519769949676494,
      "n_samples": 2782
    },
    "7": {
      "cv_accuracy": 0.5399568034557236,
      "vix_up_pct": 47.48382458662832,
      "n_samples": 2782
    }
  }
}