{
  "last_trained": "2026-05-03 06:17:21",
  "horizons": {
    "1": {
      "cv_accuracy": 0.6048034934497816,
      "vix_up_pct": 45.74235807860262,
      "n_samples": 2748
    },
    "3": {
      "cv_accuracy": 0.5563318777292576,
      "vix_up_pct": 48.799126637554586,
      "n_samples": 2748
    },
    "5": {
      "cv_accuracy": 0.5720524017467248,
      "vix_up_pct": 47.67103347889374,
      "n_samples": 2748
    },
    "7": {
      "cv_accuracy": 0.5393013100436681,
      "vix_up_pct": 47.74381368267831,
      "n_samples": 2748
    }
  }
}