{
  "last_trained": "2026-05-31 07:10:59",
  "horizons": {
    "1": {
      "cv_accuracy": 0.6182212581344901,
      "vix_up_pct": 45.753523671846764,
      "n_samples": 2767
    },
    "3": {
      "cv_accuracy": 0.561822125813449,
      "vix_up_pct": 48.75316226960607,
      "n_samples": 2767
    },
    "5": {
      "cv_accuracy": 0.577006507592191,
      "vix_up_pct": 47.596675099385614,
      "n_samples": 2767
    },
    "7": {
      "cv_accuracy": 0.5366594360086767,
      "vix_up_pct": 47.66895554752439,
      "n_samples": 2767
    }
  }
}