{
  "last_trained": "2026-05-10 06:23:58",
  "horizons": {
    "1": {
      "cv_accuracy": 0.6117903930131005,
      "vix_up_pct": 45.73192880494006,
      "n_samples": 2753
    },
    "3": {
      "cv_accuracy": 0.5510917030567686,
      "vix_up_pct": 48.783145659280784,
      "n_samples": 2753
    },
    "5": {
      "cv_accuracy": 0.5576419213973799,
      "vix_up_pct": 47.62077733381766,
      "n_samples": 2753
    },
    "7": {
      "cv_accuracy": 0.5331877729257642,
      "vix_up_pct": 47.65710134398838,
      "n_samples": 2753
    }
  }
}