{
  "last_trained": "2026-05-24 06:50:56",
  "horizons": {
    "1": {
      "cv_accuracy": 0.6108695652173912,
      "vix_up_pct": 45.78356858487152,
      "n_samples": 2763
    },
    "3": {
      "cv_accuracy": 0.5552173913043479,
      "vix_up_pct": 48.82374230908433,
      "n_samples": 2763
    },
    "5": {
      "cv_accuracy": 0.5708695652173914,
      "vix_up_pct": 47.66558089033659,
      "n_samples": 2763
    },
    "7": {
      "cv_accuracy": 0.5365217391304349,
      "vix_up_pct": 47.73796597900832,
      "n_samples": 2763
    }
  }
}