{
  "last_trained": "2026-06-07 07:41:49",
  "horizons": {
    "1": {
      "cv_accuracy": 0.6177489177489177,
      "vix_up_pct": 45.74314574314574,
      "n_samples": 2772
    },
    "3": {
      "cv_accuracy": 0.5541125541125541,
      "vix_up_pct": 48.77344877344878,
      "n_samples": 2772
    },
    "5": {
      "cv_accuracy": 0.5692640692640693,
      "vix_up_pct": 47.61904761904761,
      "n_samples": 2772
    },
    "7": {
      "cv_accuracy": 0.5441558441558442,
      "vix_up_pct": 47.58297258297258,
      "n_samples": 2772
    }
  }
}