{
  "last_trained": "2026-04-03 10:57:27",
  "horizons": {
    "1": {
      "cv_accuracy": 0.6171428571428572,
      "vix_up_pct": 45.75091575091575,
      "n_samples": 2730
    },
    "3": {
      "cv_accuracy": 0.5617582417582418,
      "vix_up_pct": 48.86446886446886,
      "n_samples": 2730
    },
    "5": {
      "cv_accuracy": 0.5837362637362637,
      "vix_up_pct": 47.8021978021978,
      "n_samples": 2730
    },
    "7": {
      "cv_accuracy": 0.5406593406593407,
      "vix_up_pct": 47.91208791208791,
      "n_samples": 2730
    }
  }
}