{
  "last_trained": "2026-04-19 05:41:00",
  "horizons": {
    "1": {
      "cv_accuracy": 0.6149122807017544,
      "vix_up_pct": 45.7101131799927,
      "n_samples": 2739
    },
    "3": {
      "cv_accuracy": 0.5627192982456141,
      "vix_up_pct": 48.77692588535962,
      "n_samples": 2739
    },
    "5": {
      "cv_accuracy": 0.5710526315789474,
      "vix_up_pct": 47.681635633442866,
      "n_samples": 2739
    },
    "7": {
      "cv_accuracy": 0.5473684210526316,
      "vix_up_pct": 47.791164658634536,
      "n_samples": 2739
    }
  }
}