{
  "last_trained": "2026-07-19 06:14:25",
  "horizons": {
    "1": {
      "cv_accuracy": 0.6090128755364808,
      "vix_up_pct": 45.69796501249554,
      "n_samples": 2801
    },
    "3": {
      "cv_accuracy": 0.5613733905579399,
      "vix_up_pct": 48.73259550160657,
      "n_samples": 2801
    },
    "5": {
      "cv_accuracy": 0.565236051502146,
      "vix_up_pct": 47.59014637629418,
      "n_samples": 2801
    },
    "7": {
      "cv_accuracy": 0.5390557939914162,
      "vix_up_pct": 47.44734023563013,
      "n_samples": 2801
    }
  }
}