{
  "last_trained": "2026-05-17 06:35:28",
  "horizons": {
    "1": {
      "cv_accuracy": 0.6095860566448802,
      "vix_up_pct": 45.7577955039884,
      "n_samples": 2758
    },
    "3": {
      "cv_accuracy": 0.5620915032679739,
      "vix_up_pct": 48.839738941261785,
      "n_samples": 2758
    },
    "5": {
      "cv_accuracy": 0.5703703703703702,
      "vix_up_pct": 47.71573604060914,
      "n_samples": 2758
    },
    "7": {
      "cv_accuracy": 0.5355119825708061,
      "vix_up_pct": 47.71573604060914,
      "n_samples": 2758
    }
  }
}