{
  "last_trained": "2026-04-03 18:47:39",
  "horizons": {
    "1": {
      "cv_accuracy": 0.6048351648351649,
      "vix_up_pct": 45.75091575091575,
      "n_samples": 2730
    },
    "3": {
      "cv_accuracy": 0.5564835164835166,
      "vix_up_pct": 48.86446886446886,
      "n_samples": 2730
    },
    "5": {
      "cv_accuracy": 0.5586813186813187,
      "vix_up_pct": 47.8021978021978,
      "n_samples": 2730
    },
    "7": {
      "cv_accuracy": 0.5450549450549451,
      "vix_up_pct": 47.91208791208791,
      "n_samples": 2730
    }
  }
}