{
  "last_trained": "2026-06-14 08:01:13",
  "horizons": {
    "1": {
      "cv_accuracy": 0.6121212121212121,
      "vix_up_pct": 45.73280518545192,
      "n_samples": 2777
    },
    "3": {
      "cv_accuracy": 0.567965367965368,
      "vix_up_pct": 48.72164205977674,
      "n_samples": 2777
    },
    "5": {
      "cv_accuracy": 0.5558441558441558,
      "vix_up_pct": 47.60532949225783,
      "n_samples": 2777
    },
    "7": {
      "cv_accuracy": 0.5476190476190477,
      "vix_up_pct": 47.56931940943464,
      "n_samples": 2777
    }
  }
}