{
  "last_trained": "2026-04-26 05:57:02",
  "horizons": {
    "1": {
      "cv_accuracy": 0.613129102844639,
      "vix_up_pct": 45.77259475218659,
      "n_samples": 2744
    },
    "3": {
      "cv_accuracy": 0.5606126914660832,
      "vix_up_pct": 48.79737609329446,
      "n_samples": 2744
    },
    "5": {
      "cv_accuracy": 0.5676148796498905,
      "vix_up_pct": 47.667638483965014,
      "n_samples": 2744
    },
    "7": {
      "cv_accuracy": 0.5339168490153172,
      "vix_up_pct": 47.74052478134111,
      "n_samples": 2744
    }
  }
}