{
  "last_trained": "2026-06-21 08:15:05",
  "metrics": {
    "cv_accuracy": 0.9265658747300215,
    "cv_precision": 0.2582137161084529,
    "gap_freq": 7.047824523552679,
    "n_samples": 2781
  }
}