{
  "last_trained": "2026-07-19 06:14:16",
  "metrics": {
    "cv_accuracy": 0.9261802575107296,
    "cv_precision": 0.23921568627450984,
    "gap_freq": 7.000000000000001,
    "n_samples": 2800
  }
}