{
  "last_trained": "2026-05-24 06:50:47",
  "metrics": {
    "cv_accuracy": 0.9273913043478261,
    "cv_precision": 0.34007326007326,
    "gap_freq": 6.987690079652426,
    "n_samples": 2762
  }
}