{
  "last_trained": "2026-04-03 10:57:19",
  "metrics": {
    "cv_accuracy": 0.9259911894273127,
    "cv_precision": 0.3132936507936508,
    "gap_freq": 6.962257237083181,
    "n_samples": 2729
  }
}