{
  "last_trained": "2026-05-10 06:23:50",
  "metrics": {
    "cv_accuracy": 0.9270742358078603,
    "cv_precision": 0.37238095238095237,
    "gap_freq": 7.013081395348837,
    "n_samples": 2752
  }
}