{
  "last_trained": "2026-06-28 07:38:22",
  "metrics": {
    "cv_accuracy": 0.925862068965517,
    "cv_precision": 0.25555555555555554,
    "gap_freq": 7.0377019748653495,
    "n_samples": 2785
  }
}