{
  "last_trained": "2026-07-05 06:55:59",
  "metrics": {
    "cv_accuracy": 0.9260215053763441,
    "cv_precision": 0.43888888888888894,
    "gap_freq": 7.025089605734768,
    "n_samples": 2790
  }
}