{
  "last_trained": "2026-05-31 07:10:50",
  "metrics": {
    "cv_accuracy": 0.9262472885032539,
    "cv_precision": 0.2533333333333333,
    "gap_freq": 6.977584960231381,
    "n_samples": 2766
  }
}