{
  "last_trained": "2026-07-12 06:19:10",
  "metrics": {
    "cv_accuracy": 0.9225806451612902,
    "cv_precision": 0.18,
    "gap_freq": 7.01252236135957,
    "n_samples": 2795
  }
}