{
  "last_trained": "2026-06-14 08:01:05",
  "metrics": {
    "cv_accuracy": 0.925108225108225,
    "cv_precision": 0.22483516483516483,
    "gap_freq": 7.024495677233429,
    "n_samples": 2776
  }
}