{
  "last_trained": "2026-06-07 07:41:40",
  "metrics": {
    "cv_accuracy": 0.9271149674620391,
    "cv_precision": 0.35238095238095235,
    "gap_freq": 6.9649945867917715,
    "n_samples": 2771
  }
}