{
  "last_trained": "2026-04-26 05:56:54",
  "metrics": {
    "cv_accuracy": 0.926477024070022,
    "cv_precision": 0.32904761904761903,
    "gap_freq": 7.036091870215093,
    "n_samples": 2743
  }
}