{
  "last_trained": "2026-04-03 18:47:31",
  "metrics": {
    "cv_accuracy": 0.928193832599119,
    "cv_precision": 0.33888888888888885,
    "gap_freq": 6.962257237083181,
    "n_samples": 2729
  }
}