{
  "last_trained": "2026-06-28 07:38:46",
  "horizons": {
    "3": {
      "cv_accuracy": 0.6219827586206896,
      "shift_freq": 33.23761665470209,
      "n_samples": 2786
    },
    "5": {
      "cv_accuracy": 0.5663793103448276,
      "shift_freq": 42.39052404881551,
      "n_samples": 2786
    },
    "7": {
      "cv_accuracy": 0.5383620689655172,
      "shift_freq": 48.49246231155779,
      "n_samples": 2786
    }
  }
}