{
  "last_trained": "2026-05-17 06:37:18",
  "horizons": {
    "3": {
      "cv_accuracy": 0.6387799564270151,
      "shift_freq": 33.43002175489485,
      "n_samples": 2758
    },
    "5": {
      "cv_accuracy": 0.5350762527233115,
      "shift_freq": 42.67585206671501,
      "n_samples": 2758
    },
    "7": {
      "cv_accuracy": 0.5350762527233116,
      "shift_freq": 48.80348078317622,
      "n_samples": 2758
    }
  }
}