{
  "last_trained": "2026-07-19 06:14:41",
  "horizons": {
    "3": {
      "cv_accuracy": 0.6141630901287554,
      "shift_freq": 33.20242770439129,
      "n_samples": 2801
    },
    "5": {
      "cv_accuracy": 0.551931330472103,
      "shift_freq": 42.30631917172438,
      "n_samples": 2801
    },
    "7": {
      "cv_accuracy": 0.5412017167381974,
      "shift_freq": 48.44698322027847,
      "n_samples": 2801
    }
  }
}