{
  "last_trained": "2026-05-24 06:51:11",
  "horizons": {
    "3": {
      "cv_accuracy": 0.6339130434782609,
      "shift_freq": 33.478103510676796,
      "n_samples": 2763
    },
    "5": {
      "cv_accuracy": 0.5421739130434784,
      "shift_freq": 42.671009771986974,
      "n_samples": 2763
    },
    "7": {
      "cv_accuracy": 0.5460869565217392,
      "shift_freq": 48.78754976474846,
      "n_samples": 2763
    }
  }
}