{
  "last_trained": "2026-05-31 07:11:13",
  "horizons": {
    "3": {
      "cv_accuracy": 0.6394793926247289,
      "shift_freq": 33.46584748825443,
      "n_samples": 2767
    },
    "5": {
      "cv_accuracy": 0.5639913232104121,
      "shift_freq": 42.68160462594868,
      "n_samples": 2767
    },
    "7": {
      "cv_accuracy": 0.5470715835140998,
      "shift_freq": 48.789302493675464,
      "n_samples": 2767
    }
  }
}