{
  "last_trained": "2026-07-05 06:56:21",
  "horizons": {
    "3": {
      "cv_accuracy": 0.61247311827957,
      "shift_freq": 33.213901827302045,
      "n_samples": 2791
    },
    "5": {
      "cv_accuracy": 0.5548387096774194,
      "shift_freq": 42.35041203869581,
      "n_samples": 2791
    },
    "7": {
      "cv_accuracy": 0.5273118279569893,
      "shift_freq": 48.441418846291654,
      "n_samples": 2791
    }
  }
}