{
  "last_trained": "2026-05-03 06:17:35",
  "horizons": {
    "3": {
      "cv_accuracy": 0.6248908296943232,
      "shift_freq": 33.4061135371179,
      "n_samples": 2748
    },
    "5": {
      "cv_accuracy": 0.5519650655021834,
      "shift_freq": 42.685589519650655,
      "n_samples": 2748
    },
    "7": {
      "cv_accuracy": 0.5344978165938865,
      "shift_freq": 48.7627365356623,
      "n_samples": 2748
    }
  }
}