{
  "last_trained": "2026-06-21 08:15:27",
  "horizons": {
    "3": {
      "cv_accuracy": 0.6172786177105831,
      "shift_freq": 33.28540618260244,
      "n_samples": 2782
    },
    "5": {
      "cv_accuracy": 0.5598272138228941,
      "shift_freq": 42.45147375988497,
      "n_samples": 2782
    },
    "7": {
      "cv_accuracy": 0.5326133909287257,
      "shift_freq": 48.562185478073324,
      "n_samples": 2782
    }
  }
}