{
  "last_trained": "2026-06-07 07:42:02",
  "horizons": {
    "3": {
      "cv_accuracy": 0.638095238095238,
      "shift_freq": 33.4054834054834,
      "n_samples": 2772
    },
    "5": {
      "cv_accuracy": 0.5532467532467532,
      "shift_freq": 42.60461760461761,
      "n_samples": 2772
    },
    "7": {
      "cv_accuracy": 0.5411255411255411,
      "shift_freq": 48.73737373737374,
      "n_samples": 2772
    }
  }
}