{
  "last_trained": "2026-04-26 05:57:17",
  "horizons": {
    "3": {
      "cv_accuracy": 0.637636761487965,
      "shift_freq": 33.38192419825073,
      "n_samples": 2744
    },
    "5": {
      "cv_accuracy": 0.5584245076586434,
      "shift_freq": 42.67492711370263,
      "n_samples": 2744
    },
    "7": {
      "cv_accuracy": 0.5378555798687089,
      "shift_freq": 48.76093294460642,
      "n_samples": 2744
    }
  }
}