{
  "last_trained": "2026-07-12 06:19:34",
  "horizons": {
    "3": {
      "cv_accuracy": 0.6274678111587983,
      "shift_freq": 33.22603719599428,
      "n_samples": 2796
    },
    "5": {
      "cv_accuracy": 0.5489270386266095,
      "shift_freq": 42.310443490701,
      "n_samples": 2796
    },
    "7": {
      "cv_accuracy": 0.5291845493562233,
      "shift_freq": 48.4620886981402,
      "n_samples": 2796
    }
  }
}