{
  "last_trained": "2026-05-10 06:25:26",
  "metrics": {
    "cv_accuracy": 0.6200873362445416,
    "vol_freq": 49.909189974573195,
    "n_samples": 2753
  }
}