{
  "last_trained": "2026-05-24 06:52:30",
  "metrics": {
    "cv_accuracy": 0.6139130434782608,
    "vol_freq": 49.90951863916033,
    "n_samples": 2763
  }
}