{
  "last_trained": "2026-06-21 08:16:49",
  "metrics": {
    "cv_accuracy": 0.6090712742980562,
    "vol_freq": 49.892163910855494,
    "n_samples": 2782
  }
}