{
  "last_trained": "2026-04-03 10:59:17",
  "metrics": {
    "cv_accuracy": 0.614065934065934,
    "vol_freq": 49.89010989010989,
    "n_samples": 2730
  }
}