{
  "last_trained": "2026-04-03 18:49:21",
  "metrics": {
    "cv_accuracy": 0.6250549450549451,
    "vol_freq": 49.89010989010989,
    "n_samples": 2730
  }
}