{
  "last_trained": "2026-06-14 08:02:41",
  "metrics": {
    "cv_accuracy": 0.6164502164502165,
    "vol_freq": 49.90997479294202,
    "n_samples": 2777
  }
}