{
  "last_trained": "2026-06-07 07:43:22",
  "metrics": {
    "cv_accuracy": 0.6220779220779221,
    "vol_freq": 49.891774891774894,
    "n_samples": 2772
  }
}