{
  "last_trained": "2026-07-05 06:57:41",
  "metrics": {
    "cv_accuracy": 0.6120430107526882,
    "vol_freq": 49.91042637047653,
    "n_samples": 2791
  }
}