{
  "last_trained": "2026-07-12 06:20:56",
  "metrics": {
    "cv_accuracy": 0.6240343347639484,
    "vol_freq": 49.892703862660944,
    "n_samples": 2796
  }
}