{
  "last_trained": "2026-05-03 06:18:52",
  "metrics": {
    "cv_accuracy": 0.6209606986899564,
    "vol_freq": 49.890829694323145,
    "n_samples": 2748
  }
}