{
  "last_trained": "2026-06-28 07:40:10",
  "metrics": {
    "cv_accuracy": 0.6146551724137931,
    "vol_freq": 49.89231873653984,
    "n_samples": 2786
  }
}