{
  "last_trained": "2026-05-17 06:37:02",
  "metrics": {
    "cv_accuracy": 0.6196078431372549,
    "vol_freq": 49.891225525743295,
    "n_samples": 2758
  }
}