{
  "last_trained": "2026-04-19 05:42:29",
  "metrics": {
    "cv_accuracy": 0.6298245614035087,
    "vol_freq": 49.90872581234027,
    "n_samples": 2739
  }
}