{
  "last_trained": "2026-07-19 06:16:05",
  "metrics": {
    "cv_accuracy": 0.6257510729613734,
    "vol_freq": 49.91074616208497,
    "n_samples": 2801
  }
}