{
  "last_trained": "2026-04-26 05:58:34",
  "metrics": {
    "cv_accuracy": 0.6275711159737417,
    "vol_freq": 49.89067055393586,
    "n_samples": 2744
  }
}