{
  "last_trained": "2026-05-31 07:12:31",
  "metrics": {
    "cv_accuracy": 0.6177874186550977,
    "vol_freq": 49.909649439826524,
    "n_samples": 2767
  }
}