{
  "last_trained": "2026-04-03 10:59:06",
  "horizons": {
    "3": {
      "cv_accuracy": 0.9125274725274725,
      "rev_freq": 6.7032967032967035,
      "n_samples": 2730
    },
    "5": {
      "cv_accuracy": 0.901978021978022,
      "rev_freq": 7.9853479853479845,
      "n_samples": 2730
    },
    "7": {
      "cv_accuracy": 0.9028571428571428,
      "rev_freq": 8.388278388278387,
      "n_samples": 2730
    }
  }
}