{
  "last_trained": "2026-04-26 05:59:13",
  "threshold_pct": 2.5,
  "threshold_desc": "\u00b12.5% (~600 pts at Nifty 24000)",
  "horizons": {
    "3": {
      "PUT": {
        "cv_accuracy": 0.7820568927789935,
        "cv_logloss": 0.5064863359852314,
        "val_accuracy": 0.8349514563106796,
        "val_logloss": 0.43278206540423925,
        "safe_pct": 83.78279883381924,
        "breach_pct": 16.21720116618076,
        "n_samples": 2744,
        "n_features": 183,
        "model_path": "/home/runner/work/JUDAH-Nifty-Oracle/JUDAH-Nifty-Oracle/data/models/breach/xgb_breach_put_3d.pkl"
      },
      "CALL": {
        "cv_accuracy": 0.8144420131291028,
        "cv_logloss": 0.4662246328532363,
        "val_accuracy": 0.8519417475728155,
        "val_logloss": 0.4050781002062832,
        "safe_pct": 84.40233236151603,
        "breach_pct": 15.59766763848397,
        "n_samples": 2744,
        "n_features": 183,
        "model_path": "/home/runner/work/JUDAH-Nifty-Oracle/JUDAH-Nifty-Oracle/data/models/breach/xgb_breach_call_3d.pkl"
      }
    },
    "5": {
      "PUT": {
        "cv_accuracy": 0.6547045951859956,
        "cv_logloss": 0.6225685747527093,
        "val_accuracy": 0.720873786407767,
        "val_logloss": 0.5754926589647449,
        "safe_pct": 73.9795918367347,
        "breach_pct": 26.02040816326531,
        "n_samples": 2744,
        "n_features": 183,
        "model_path": "/home/runner/work/JUDAH-Nifty-Oracle/JUDAH-Nifty-Oracle/data/models/breach/xgb_breach_put_5d.pkl"
      },
      "CALL": {
        "cv_accuracy": 0.663894967177243,
        "cv_logloss": 0.6208800252219115,
        "val_accuracy": 0.7378640776699029,
        "val_logloss": 0.5396840419741723,
        "safe_pct": 72.3396501457726,
        "breach_pct": 27.660349854227405,
        "n_samples": 2744,
        "n_features": 183,
        "model_path": "/home/runner/work/JUDAH-Nifty-Oracle/JUDAH-Nifty-Oracle/data/models/breach/xgb_breach_call_5d.pkl"
      }
    },
    "7": {
      "PUT": {
        "cv_accuracy": 0.6100656455142233,
        "cv_logloss": 0.6570894620280858,
        "val_accuracy": 0.6286407766990292,
        "val_logloss": 0.6386850737896766,
        "safe_pct": 67.05539358600583,
        "breach_pct": 32.94460641399417,
        "n_samples": 2744,
        "n_features": 183,
        "model_path": "/home/runner/work/JUDAH-Nifty-Oracle/JUDAH-Nifty-Oracle/data/models/breach/xgb_breach_put_7d.pkl"
      },
      "CALL": {
        "cv_accuracy": 0.5912472647702407,
        "cv_logloss": 0.6675211606824042,
        "val_accuracy": 0.6529126213592233,
        "val_logloss": 0.6100822027737923,
        "safe_pct": 63.301749271137034,
        "breach_pct": 36.698250728862966,
        "n_samples": 2744,
        "n_features": 183,
        "model_path": "/home/runner/work/JUDAH-Nifty-Oracle/JUDAH-Nifty-Oracle/data/models/breach/xgb_breach_call_7d.pkl"
      }
    },
    "14": {
      "PUT": {
        "cv_accuracy": 0.536980306345733,
        "cv_logloss": 0.6922123209355364,
        "val_accuracy": 0.6310679611650486,
        "val_logloss": 0.6392579837224667,
        "safe_pct": 53.170553935860056,
        "breach_pct": 46.829446064139944,
        "n_samples": 2744,
        "n_features": 183,
        "model_path": "/home/runner/work/JUDAH-Nifty-Oracle/JUDAH-Nifty-Oracle/data/models/breach/xgb_breach_put_14d.pkl"
      },
      "CALL": {
        "cv_accuracy": 0.487964989059081,
        "cv_logloss": 0.7058377482026504,
        "val_accuracy": 0.5776699029126213,
        "val_logloss": 0.6674345137858186,
        "safe_pct": 42.16472303206997,
        "breach_pct": 57.83527696793003,
        "n_samples": 2744,
        "n_features": 183,
        "model_path": "/home/runner/work/JUDAH-Nifty-Oracle/JUDAH-Nifty-Oracle/data/models/breach/xgb_breach_call_14d.pkl"
      }
    },
    "28": {
      "PUT": {
        "cv_accuracy": 0.44551422319474837,
        "cv_logloss": 0.7014593944170905,
        "val_accuracy": 0.7038834951456311,
        "val_logloss": 0.604216360428447,
        "safe_pct": 42.27405247813411,
        "breach_pct": 57.72594752186588,
        "n_samples": 2744,
        "n_features": 183,
        "model_path": "/home/runner/work/JUDAH-Nifty-Oracle/JUDAH-Nifty-Oracle/data/models/breach/xgb_breach_put_28d.pkl"
      },
      "CALL": {
        "cv_accuracy": 0.5829321663019694,
        "cv_logloss": 0.6770813690386415,
        "val_accuracy": 0.6529126213592233,
        "val_logloss": 0.6083082596710327,
        "safe_pct": 28.79008746355685,
        "breach_pct": 71.20991253644316,
        "n_samples": 2744,
        "n_features": 183,
        "model_path": "/home/runner/work/JUDAH-Nifty-Oracle/JUDAH-Nifty-Oracle/data/models/breach/xgb_breach_call_28d.pkl"
      }
    }
  }
}