{
  "last_trained": "2026-07-12 06:21:39",
  "threshold_pct": 2.5,
  "threshold_desc": "\u00b12.5% (~600 pts at Nifty 24000)",
  "horizons": {
    "3": {
      "PUT": {
        "cv_accuracy": 0.7759656652360516,
        "cv_logloss": 0.5093507468700409,
        "val_accuracy": 0.8357142857142857,
        "val_logloss": 0.4326939656100323,
        "safe_pct": 83.72675250357653,
        "breach_pct": 16.27324749642346,
        "n_samples": 2796,
        "n_features": 183,
        "model_path": "/home/runner/work/JUDAH-Nifty-Oracle/JUDAH-Nifty-Oracle/data/models/breach/xgb_breach_put_3d.pkl"
      },
      "CALL": {
        "cv_accuracy": 0.809871244635193,
        "cv_logloss": 0.46963719725608827,
        "val_accuracy": 0.8595238095238096,
        "val_logloss": 0.3847523684007015,
        "safe_pct": 84.51359084406295,
        "breach_pct": 15.486409155937054,
        "n_samples": 2796,
        "n_features": 183,
        "model_path": "/home/runner/work/JUDAH-Nifty-Oracle/JUDAH-Nifty-Oracle/data/models/breach/xgb_breach_call_3d.pkl"
      }
    },
    "5": {
      "PUT": {
        "cv_accuracy": 0.6433476394849785,
        "cv_logloss": 0.6285460352897644,
        "val_accuracy": 0.7214285714285714,
        "val_logloss": 0.5823665299700711,
        "safe_pct": 73.92703862660944,
        "breach_pct": 26.07296137339056,
        "n_samples": 2796,
        "n_features": 183,
        "model_path": "/home/runner/work/JUDAH-Nifty-Oracle/JUDAH-Nifty-Oracle/data/models/breach/xgb_breach_put_5d.pkl"
      },
      "CALL": {
        "cv_accuracy": 0.6515021459227468,
        "cv_logloss": 0.6244050145149231,
        "val_accuracy": 0.7666666666666667,
        "val_logloss": 0.5057932608576307,
        "safe_pct": 72.56795422031473,
        "breach_pct": 27.432045779685264,
        "n_samples": 2796,
        "n_features": 183,
        "model_path": "/home/runner/work/JUDAH-Nifty-Oracle/JUDAH-Nifty-Oracle/data/models/breach/xgb_breach_call_5d.pkl"
      }
    },
    "7": {
      "PUT": {
        "cv_accuracy": 0.5939914163090129,
        "cv_logloss": 0.6599278211593628,
        "val_accuracy": 0.638095238095238,
        "val_logloss": 0.6377874266890087,
        "safe_pct": 67.20314735336194,
        "breach_pct": 32.79685264663805,
        "n_samples": 2796,
        "n_features": 183,
        "model_path": "/home/runner/work/JUDAH-Nifty-Oracle/JUDAH-Nifty-Oracle/data/models/breach/xgb_breach_put_7d.pkl"
      },
      "CALL": {
        "cv_accuracy": 0.5832618025751073,
        "cv_logloss": 0.6660106420516968,
        "val_accuracy": 0.6738095238095239,
        "val_logloss": 0.6023782175146268,
        "safe_pct": 63.30472103004292,
        "breach_pct": 36.69527896995708,
        "n_samples": 2796,
        "n_features": 183,
        "model_path": "/home/runner/work/JUDAH-Nifty-Oracle/JUDAH-Nifty-Oracle/data/models/breach/xgb_breach_call_7d.pkl"
      }
    },
    "14": {
      "PUT": {
        "cv_accuracy": 0.544206008583691,
        "cv_logloss": 0.6909584164619446,
        "val_accuracy": 0.611904761904762,
        "val_logloss": 0.6475855899287334,
        "safe_pct": 53.18311874105866,
        "breach_pct": 46.81688125894134,
        "n_samples": 2796,
        "n_features": 183,
        "model_path": "/home/runner/work/JUDAH-Nifty-Oracle/JUDAH-Nifty-Oracle/data/models/breach/xgb_breach_put_14d.pkl"
      },
      "CALL": {
        "cv_accuracy": 0.5201716738197424,
        "cv_logloss": 0.7013339638710022,
        "val_accuracy": 0.6095238095238096,
        "val_logloss": 0.6479343378029785,
        "safe_pct": 42.56080114449213,
        "breach_pct": 57.43919885550787,
        "n_samples": 2796,
        "n_features": 183,
        "model_path": "/home/runner/work/JUDAH-Nifty-Oracle/JUDAH-Nifty-Oracle/data/models/breach/xgb_breach_call_14d.pkl"
      }
    },
    "28": {
      "PUT": {
        "cv_accuracy": 0.4939914163090129,
        "cv_logloss": 0.6953227043151855,
        "val_accuracy": 0.6738095238095239,
        "val_logloss": 0.6303519552752036,
        "safe_pct": 42.95422031473534,
        "breach_pct": 57.04577968526466,
        "n_samples": 2796,
        "n_features": 183,
        "model_path": "/home/runner/work/JUDAH-Nifty-Oracle/JUDAH-Nifty-Oracle/data/models/breach/xgb_breach_put_28d.pkl"
      },
      "CALL": {
        "cv_accuracy": 0.6553648068669528,
        "cv_logloss": 0.6415639281272888,
        "val_accuracy": 0.6547619047619048,
        "val_logloss": 0.6241686793076237,
        "safe_pct": 28.075822603719597,
        "breach_pct": 71.92417739628041,
        "n_samples": 2796,
        "n_features": 183,
        "model_path": "/home/runner/work/JUDAH-Nifty-Oracle/JUDAH-Nifty-Oracle/data/models/breach/xgb_breach_call_28d.pkl"
      }
    }
  }
}