{
  "last_trained": "2026-06-14 08:03:17",
  "threshold_pct": 2.5,
  "threshold_desc": "\u00b12.5% (~600 pts at Nifty 24000)",
  "horizons": {
    "3": {
      "PUT": {
        "cv_accuracy": 0.7757575757575758,
        "cv_logloss": 0.5082358002662659,
        "val_accuracy": 0.841726618705036,
        "val_logloss": 0.41892417636253115,
        "safe_pct": 83.83147281238746,
        "breach_pct": 16.168527187612536,
        "n_samples": 2777,
        "n_features": 183,
        "model_path": "/home/runner/work/JUDAH-Nifty-Oracle/JUDAH-Nifty-Oracle/data/models/breach/xgb_breach_put_3d.pkl"
      },
      "CALL": {
        "cv_accuracy": 0.8082251082251082,
        "cv_logloss": 0.4734153985977173,
        "val_accuracy": 0.8609112709832134,
        "val_logloss": 0.3844682420008478,
        "safe_pct": 84.58768455167447,
        "breach_pct": 15.412315448325531,
        "n_samples": 2777,
        "n_features": 183,
        "model_path": "/home/runner/work/JUDAH-Nifty-Oracle/JUDAH-Nifty-Oracle/data/models/breach/xgb_breach_call_3d.pkl"
      }
    },
    "5": {
      "PUT": {
        "cv_accuracy": 0.6610389610389611,
        "cv_logloss": 0.6210237264633178,
        "val_accuracy": 0.7242206235011991,
        "val_logloss": 0.5857781107151172,
        "safe_pct": 73.96471011883328,
        "breach_pct": 26.035289881166722,
        "n_samples": 2777,
        "n_features": 183,
        "model_path": "/home/runner/work/JUDAH-Nifty-Oracle/JUDAH-Nifty-Oracle/data/models/breach/xgb_breach_put_5d.pkl"
      },
      "CALL": {
        "cv_accuracy": 0.6653679653679654,
        "cv_logloss": 0.6243919372558594,
        "val_accuracy": 0.7601918465227818,
        "val_logloss": 0.5265988129985693,
        "safe_pct": 72.66834713719842,
        "breach_pct": 27.33165286280158,
        "n_samples": 2777,
        "n_features": 183,
        "model_path": "/home/runner/work/JUDAH-Nifty-Oracle/JUDAH-Nifty-Oracle/data/models/breach/xgb_breach_call_5d.pkl"
      }
    },
    "7": {
      "PUT": {
        "cv_accuracy": 0.6086580086580087,
        "cv_logloss": 0.6554694175720215,
        "val_accuracy": 0.6258992805755396,
        "val_logloss": 0.6556106191722008,
        "safe_pct": 66.97875405113432,
        "breach_pct": 33.02124594886568,
        "n_samples": 2777,
        "n_features": 183,
        "model_path": "/home/runner/work/JUDAH-Nifty-Oracle/JUDAH-Nifty-Oracle/data/models/breach/xgb_breach_put_7d.pkl"
      },
      "CALL": {
        "cv_accuracy": 0.5870129870129871,
        "cv_logloss": 0.66919025182724,
        "val_accuracy": 0.7002398081534772,
        "val_logloss": 0.6015164459841745,
        "safe_pct": 63.737846597047174,
        "breach_pct": 36.262153402952826,
        "n_samples": 2777,
        "n_features": 183,
        "model_path": "/home/runner/work/JUDAH-Nifty-Oracle/JUDAH-Nifty-Oracle/data/models/breach/xgb_breach_call_7d.pkl"
      }
    },
    "14": {
      "PUT": {
        "cv_accuracy": 0.5290043290043289,
        "cv_logloss": 0.6865001320838928,
        "val_accuracy": 0.6330935251798561,
        "val_logloss": 0.6486090969007788,
        "safe_pct": 52.50270075621174,
        "breach_pct": 47.49729924378826,
        "n_samples": 2777,
        "n_features": 183,
        "model_path": "/home/runner/work/JUDAH-Nifty-Oracle/JUDAH-Nifty-Oracle/data/models/breach/xgb_breach_put_14d.pkl"
      },
      "CALL": {
        "cv_accuracy": 0.49393939393939396,
        "cv_logloss": 0.7025068044662476,
        "val_accuracy": 0.5899280575539568,
        "val_logloss": 0.6680118099173964,
        "safe_pct": 43.14007922218221,
        "breach_pct": 56.859920777817784,
        "n_samples": 2777,
        "n_features": 183,
        "model_path": "/home/runner/work/JUDAH-Nifty-Oracle/JUDAH-Nifty-Oracle/data/models/breach/xgb_breach_call_14d.pkl"
      }
    },
    "28": {
      "PUT": {
        "cv_accuracy": 0.4692640692640692,
        "cv_logloss": 0.699836254119873,
        "val_accuracy": 0.7218225419664268,
        "val_logloss": 0.5901003252548678,
        "safe_pct": 42.13179690313288,
        "breach_pct": 57.86820309686712,
        "n_samples": 2777,
        "n_features": 183,
        "model_path": "/home/runner/work/JUDAH-Nifty-Oracle/JUDAH-Nifty-Oracle/data/models/breach/xgb_breach_put_28d.pkl"
      },
      "CALL": {
        "cv_accuracy": 0.5896103896103896,
        "cv_logloss": 0.6648529887199401,
        "val_accuracy": 0.6402877697841727,
        "val_logloss": 0.6389321765054523,
        "safe_pct": 29.024126755491537,
        "breach_pct": 70.97587324450846,
        "n_samples": 2777,
        "n_features": 183,
        "model_path": "/home/runner/work/JUDAH-Nifty-Oracle/JUDAH-Nifty-Oracle/data/models/breach/xgb_breach_call_28d.pkl"
      }
    }
  }
}