{
  "last_trained": "2026-05-17 05:42:46",
  "threshold_pct": 2.5,
  "threshold_desc": "\u00b12.5% (~600 pts at Nifty 24000)",
  "horizons": {
    "3": {
      "PUT": {
        "cv_accuracy": 0.771677559912854,
        "cv_logloss": 0.5114928237350721,
        "val_accuracy": 0.8478260869565217,
        "val_logloss": 0.41654374243269326,
        "safe_pct": 83.82886149383611,
        "breach_pct": 16.171138506163885,
        "n_samples": 2758,
        "n_features": 183,
        "model_path": "/home/runner/work/JUDAH-Nifty-Oracle/JUDAH-Nifty-Oracle/data/models/breach/xgb_breach_put_3d.pkl"
      },
      "CALL": {
        "cv_accuracy": 0.8,
        "cv_logloss": 0.4765921445476966,
        "val_accuracy": 0.8526570048309179,
        "val_logloss": 0.4023436938730141,
        "safe_pct": 84.48150833937635,
        "breach_pct": 15.518491660623646,
        "n_samples": 2758,
        "n_features": 183,
        "model_path": "/home/runner/work/JUDAH-Nifty-Oracle/JUDAH-Nifty-Oracle/data/models/breach/xgb_breach_call_3d.pkl"
      }
    },
    "5": {
      "PUT": {
        "cv_accuracy": 0.6392156862745099,
        "cv_logloss": 0.6303350435938417,
        "val_accuracy": 0.717391304347826,
        "val_logloss": 0.5860197950386751,
        "safe_pct": 73.74909354604786,
        "breach_pct": 26.25090645395214,
        "n_samples": 2758,
        "n_features": 183,
        "model_path": "/home/runner/work/JUDAH-Nifty-Oracle/JUDAH-Nifty-Oracle/data/models/breach/xgb_breach_put_5d.pkl"
      },
      "CALL": {
        "cv_accuracy": 0.6540305010893246,
        "cv_logloss": 0.626898689114074,
        "val_accuracy": 0.7536231884057971,
        "val_logloss": 0.5380586850633157,
        "safe_pct": 72.48005801305294,
        "breach_pct": 27.51994198694706,
        "n_samples": 2758,
        "n_features": 183,
        "model_path": "/home/runner/work/JUDAH-Nifty-Oracle/JUDAH-Nifty-Oracle/data/models/breach/xgb_breach_call_5d.pkl"
      }
    },
    "7": {
      "PUT": {
        "cv_accuracy": 0.6374727668845315,
        "cv_logloss": 0.6441917203041372,
        "val_accuracy": 0.6207729468599034,
        "val_logloss": 0.651575109318199,
        "safe_pct": 66.78752719361857,
        "breach_pct": 33.212472806381435,
        "n_samples": 2758,
        "n_features": 183,
        "model_path": "/home/runner/work/JUDAH-Nifty-Oracle/JUDAH-Nifty-Oracle/data/models/breach/xgb_breach_put_7d.pkl"
      },
      "CALL": {
        "cv_accuracy": 0.5973856209150327,
        "cv_logloss": 0.6668011885293859,
        "val_accuracy": 0.6690821256038647,
        "val_logloss": 0.6167652016414988,
        "safe_pct": 63.48803480783176,
        "breach_pct": 36.51196519216824,
        "n_samples": 2758,
        "n_features": 183,
        "model_path": "/home/runner/work/JUDAH-Nifty-Oracle/JUDAH-Nifty-Oracle/data/models/breach/xgb_breach_call_7d.pkl"
      }
    },
    "14": {
      "PUT": {
        "cv_accuracy": 0.5115468409586057,
        "cv_logloss": 0.6914894359794905,
        "val_accuracy": 0.6159420289855072,
        "val_logloss": 0.649662212790088,
        "safe_pct": 52.755620014503265,
        "breach_pct": 47.244379985496735,
        "n_samples": 2758,
        "n_features": 183,
        "model_path": "/home/runner/work/JUDAH-Nifty-Oracle/JUDAH-Nifty-Oracle/data/models/breach/xgb_breach_put_14d.pkl"
      },
      "CALL": {
        "cv_accuracy": 0.49760348583878,
        "cv_logloss": 0.7005046820042142,
        "val_accuracy": 0.5990338164251208,
        "val_logloss": 0.6535643143208814,
        "safe_pct": 42.38578680203046,
        "breach_pct": 57.61421319796954,
        "n_samples": 2758,
        "n_features": 183,
        "model_path": "/home/runner/work/JUDAH-Nifty-Oracle/JUDAH-Nifty-Oracle/data/models/breach/xgb_breach_call_14d.pkl"
      }
    },
    "28": {
      "PUT": {
        "cv_accuracy": 0.4806100217864924,
        "cv_logloss": 0.6980426859845826,
        "val_accuracy": 0.6256038647342995,
        "val_logloss": 0.6561760638427125,
        "safe_pct": 43.25598259608412,
        "breach_pct": 56.74401740391588,
        "n_samples": 2758,
        "n_features": 183,
        "model_path": "/home/runner/work/JUDAH-Nifty-Oracle/JUDAH-Nifty-Oracle/data/models/breach/xgb_breach_put_28d.pkl"
      },
      "CALL": {
        "cv_accuracy": 0.6108932461873637,
        "cv_logloss": 0.6701424307010194,
        "val_accuracy": 0.7028985507246377,
        "val_logloss": 0.6068112321234905,
        "safe_pct": 27.66497461928934,
        "breach_pct": 72.33502538071066,
        "n_samples": 2758,
        "n_features": 183,
        "model_path": "/home/runner/work/JUDAH-Nifty-Oracle/JUDAH-Nifty-Oracle/data/models/breach/xgb_breach_call_28d.pkl"
      }
    }
  }
}