{
  "last_trained": "2026-05-10 05:33:11",
  "threshold_pct": 2.5,
  "threshold_desc": "\u00b12.5% (~600 pts at Nifty 24000)",
  "horizons": {
    "3": {
      "PUT": {
        "cv_accuracy": 0.7768558951965064,
        "cv_logloss": 0.5073767997350261,
        "val_accuracy": 0.8498789346246973,
        "val_logloss": 0.4035946572910789,
        "safe_pct": 83.9447875045405,
        "breach_pct": 16.055212495459504,
        "n_samples": 2753,
        "n_features": 183,
        "model_path": "/home/runner/work/JUDAH-Nifty-Oracle/JUDAH-Nifty-Oracle/data/models/breach/xgb_breach_put_3d.pkl"
      },
      "CALL": {
        "cv_accuracy": 0.8131004366812226,
        "cv_logloss": 0.47082672173104534,
        "val_accuracy": 0.8523002421307506,
        "val_logloss": 0.40203786118583307,
        "safe_pct": 84.45332364693063,
        "breach_pct": 15.546676353069378,
        "n_samples": 2753,
        "n_features": 183,
        "model_path": "/home/runner/work/JUDAH-Nifty-Oracle/JUDAH-Nifty-Oracle/data/models/breach/xgb_breach_call_3d.pkl"
      }
    },
    "5": {
      "PUT": {
        "cv_accuracy": 0.6506550218340611,
        "cv_logloss": 0.6225519534043509,
        "val_accuracy": 0.7288135593220338,
        "val_logloss": 0.5715128992254512,
        "safe_pct": 74.02833272793316,
        "breach_pct": 25.971667272066835,
        "n_samples": 2753,
        "n_features": 183,
        "model_path": "/home/runner/work/JUDAH-Nifty-Oracle/JUDAH-Nifty-Oracle/data/models/breach/xgb_breach_put_5d.pkl"
      },
      "CALL": {
        "cv_accuracy": 0.6672489082969433,
        "cv_logloss": 0.6249700698190731,
        "val_accuracy": 0.7554479418886199,
        "val_logloss": 0.5294456473044095,
        "safe_pct": 72.43007628042136,
        "breach_pct": 27.569923719578636,
        "n_samples": 2753,
        "n_features": 183,
        "model_path": "/home/runner/work/JUDAH-Nifty-Oracle/JUDAH-Nifty-Oracle/data/models/breach/xgb_breach_call_5d.pkl"
      }
    },
    "7": {
      "PUT": {
        "cv_accuracy": 0.6323144104803493,
        "cv_logloss": 0.6451498183972365,
        "val_accuracy": 0.639225181598063,
        "val_logloss": 0.6321524151595945,
        "safe_pct": 67.12677079549583,
        "breach_pct": 32.87322920450417,
        "n_samples": 2753,
        "n_features": 183,
        "model_path": "/home/runner/work/JUDAH-Nifty-Oracle/JUDAH-Nifty-Oracle/data/models/breach/xgb_breach_put_7d.pkl"
      },
      "CALL": {
        "cv_accuracy": 0.5982532751091703,
        "cv_logloss": 0.6657811220242316,
        "val_accuracy": 0.6755447941888619,
        "val_logloss": 0.6062989359377979,
        "safe_pct": 63.42172175808209,
        "breach_pct": 36.57827824191791,
        "n_samples": 2753,
        "n_features": 183,
        "model_path": "/home/runner/work/JUDAH-Nifty-Oracle/JUDAH-Nifty-Oracle/data/models/breach/xgb_breach_call_7d.pkl"
      }
    },
    "14": {
      "PUT": {
        "cv_accuracy": 0.5480349344978166,
        "cv_logloss": 0.6898252090381908,
        "val_accuracy": 0.6246973365617433,
        "val_logloss": 0.6380381084290929,
        "safe_pct": 53.14202687976752,
        "breach_pct": 46.85797312023248,
        "n_samples": 2753,
        "n_features": 183,
        "model_path": "/home/runner/work/JUDAH-Nifty-Oracle/JUDAH-Nifty-Oracle/data/models/breach/xgb_breach_put_14d.pkl"
      },
      "CALL": {
        "cv_accuracy": 0.49213973799126637,
        "cv_logloss": 0.7025023630875383,
        "val_accuracy": 0.6004842615012107,
        "val_logloss": 0.6579338101035905,
        "safe_pct": 42.71703596077007,
        "breach_pct": 57.28296403922993,
        "n_samples": 2753,
        "n_features": 183,
        "model_path": "/home/runner/work/JUDAH-Nifty-Oracle/JUDAH-Nifty-Oracle/data/models/breach/xgb_breach_call_14d.pkl"
      }
    },
    "28": {
      "PUT": {
        "cv_accuracy": 0.47947598253275114,
        "cv_logloss": 0.6975515096492295,
        "val_accuracy": 0.6973365617433414,
        "val_logloss": 0.6094836315943423,
        "safe_pct": 42.24482382855067,
        "breach_pct": 57.75517617144933,
        "n_samples": 2753,
        "n_features": 183,
        "model_path": "/home/runner/work/JUDAH-Nifty-Oracle/JUDAH-Nifty-Oracle/data/models/breach/xgb_breach_put_28d.pkl"
      },
      "CALL": {
        "cv_accuracy": 0.5995633187772926,
        "cv_logloss": 0.6718410331698761,
        "val_accuracy": 0.6973365617433414,
        "val_logloss": 0.6023897997629353,
        "safe_pct": 27.715219760261533,
        "breach_pct": 72.28478023973847,
        "n_samples": 2753,
        "n_features": 183,
        "model_path": "/home/runner/work/JUDAH-Nifty-Oracle/JUDAH-Nifty-Oracle/data/models/breach/xgb_breach_call_28d.pkl"
      }
    }
  }
}