{
  "last_trained": "2026-05-24 06:53:12",
  "threshold_pct": 2.5,
  "threshold_desc": "\u00b12.5% (~600 pts at Nifty 24000)",
  "horizons": {
    "3": {
      "PUT": {
        "cv_accuracy": 0.7708695652173913,
        "cv_logloss": 0.5074399289670091,
        "val_accuracy": 0.8481927710843373,
        "val_logloss": 0.4134575581252223,
        "safe_pct": 83.85812522620341,
        "breach_pct": 16.141874773796594,
        "n_samples": 2763,
        "n_features": 183,
        "model_path": "/home/runner/work/JUDAH-Nifty-Oracle/JUDAH-Nifty-Oracle/data/models/breach/xgb_breach_put_3d.pkl"
      },
      "CALL": {
        "cv_accuracy": 0.8065217391304348,
        "cv_logloss": 0.47555683240631297,
        "val_accuracy": 0.8530120481927711,
        "val_logloss": 0.3986027938934157,
        "safe_pct": 84.509591024249,
        "breach_pct": 15.490408975750992,
        "n_samples": 2763,
        "n_features": 183,
        "model_path": "/home/runner/work/JUDAH-Nifty-Oracle/JUDAH-Nifty-Oracle/data/models/breach/xgb_breach_call_3d.pkl"
      }
    },
    "5": {
      "PUT": {
        "cv_accuracy": 0.6421739130434784,
        "cv_logloss": 0.6311785663364721,
        "val_accuracy": 0.727710843373494,
        "val_logloss": 0.5718330816591024,
        "safe_pct": 73.9413680781759,
        "breach_pct": 26.058631921824105,
        "n_samples": 2763,
        "n_features": 183,
        "model_path": "/home/runner/work/JUDAH-Nifty-Oracle/JUDAH-Nifty-Oracle/data/models/breach/xgb_breach_put_5d.pkl"
      },
      "CALL": {
        "cv_accuracy": 0.662608695652174,
        "cv_logloss": 0.6252612211170173,
        "val_accuracy": 0.7518072289156627,
        "val_logloss": 0.5251345772016428,
        "safe_pct": 72.52985884907709,
        "breach_pct": 27.47014115092291,
        "n_samples": 2763,
        "n_features": 183,
        "model_path": "/home/runner/work/JUDAH-Nifty-Oracle/JUDAH-Nifty-Oracle/data/models/breach/xgb_breach_call_5d.pkl"
      }
    },
    "7": {
      "PUT": {
        "cv_accuracy": 0.6278260869565218,
        "cv_logloss": 0.6498579650503822,
        "val_accuracy": 0.6337349397590362,
        "val_logloss": 0.6310074443224434,
        "safe_pct": 66.99239956568947,
        "breach_pct": 33.00760043431053,
        "n_samples": 2763,
        "n_features": 183,
        "model_path": "/home/runner/work/JUDAH-Nifty-Oracle/JUDAH-Nifty-Oracle/data/models/breach/xgb_breach_put_7d.pkl"
      },
      "CALL": {
        "cv_accuracy": 0.6004347826086956,
        "cv_logloss": 0.6646447954016457,
        "val_accuracy": 0.6771084337349398,
        "val_logloss": 0.609541456192048,
        "safe_pct": 63.554107853782114,
        "breach_pct": 36.445892146217886,
        "n_samples": 2763,
        "n_features": 183,
        "model_path": "/home/runner/work/JUDAH-Nifty-Oracle/JUDAH-Nifty-Oracle/data/models/breach/xgb_breach_call_7d.pkl"
      }
    },
    "14": {
      "PUT": {
        "cv_accuracy": 0.5139130434782608,
        "cv_logloss": 0.6915007050692031,
        "val_accuracy": 0.6144578313253012,
        "val_logloss": 0.6351595501542624,
        "safe_pct": 52.66015200868621,
        "breach_pct": 47.33984799131379,
        "n_samples": 2763,
        "n_features": 183,
        "model_path": "/home/runner/work/JUDAH-Nifty-Oracle/JUDAH-Nifty-Oracle/data/models/breach/xgb_breach_put_14d.pkl"
      },
      "CALL": {
        "cv_accuracy": 0.4973913043478261,
        "cv_logloss": 0.6995353991890182,
        "val_accuracy": 0.5397590361445783,
        "val_logloss": 0.679719324237398,
        "safe_pct": 42.92435758233804,
        "breach_pct": 57.07564241766197,
        "n_samples": 2763,
        "n_features": 183,
        "model_path": "/home/runner/work/JUDAH-Nifty-Oracle/JUDAH-Nifty-Oracle/data/models/breach/xgb_breach_call_14d.pkl"
      }
    },
    "28": {
      "PUT": {
        "cv_accuracy": 0.4573913043478261,
        "cv_logloss": 0.7003220171502906,
        "val_accuracy": 0.6939759036144578,
        "val_logloss": 0.6131970805328607,
        "safe_pct": 42.3090843286283,
        "breach_pct": 57.6909156713717,
        "n_samples": 2763,
        "n_features": 183,
        "model_path": "/home/runner/work/JUDAH-Nifty-Oracle/JUDAH-Nifty-Oracle/data/models/breach/xgb_breach_put_28d.pkl"
      },
      "CALL": {
        "cv_accuracy": 0.5982608695652173,
        "cv_logloss": 0.6691197968450628,
        "val_accuracy": 0.6626506024096386,
        "val_logloss": 0.628098207724392,
        "safe_pct": 28.230184581976115,
        "breach_pct": 71.76981541802388,
        "n_samples": 2763,
        "n_features": 183,
        "model_path": "/home/runner/work/JUDAH-Nifty-Oracle/JUDAH-Nifty-Oracle/data/models/breach/xgb_breach_call_28d.pkl"
      }
    }
  }
}