{
  "last_trained": "2026-04-19 04:48:10",
  "threshold_pct": 2.5,
  "threshold_desc": "\u00b12.5% (~600 pts at Nifty 24000)",
  "horizons": {
    "3": {
      "PUT": {
        "cv_accuracy": 0.7771929824561404,
        "cv_logloss": 0.5073713126666368,
        "val_accuracy": 0.8442822384428224,
        "val_logloss": 0.4098494791807704,
        "safe_pct": 83.89923329682367,
        "breach_pct": 16.10076670317634,
        "n_samples": 2739,
        "n_features": 183,
        "model_path": "/home/runner/work/JUDAH-Nifty-Oracle/JUDAH-Nifty-Oracle/data/models/breach/xgb_breach_put_3d.pkl"
      },
      "CALL": {
        "cv_accuracy": 0.8048245614035088,
        "cv_logloss": 0.47179200348357514,
        "val_accuracy": 0.8467153284671532,
        "val_logloss": 0.40954970198413426,
        "safe_pct": 84.37385907265426,
        "breach_pct": 15.626140927345745,
        "n_samples": 2739,
        "n_features": 183,
        "model_path": "/home/runner/work/JUDAH-Nifty-Oracle/JUDAH-Nifty-Oracle/data/models/breach/xgb_breach_call_3d.pkl"
      }
    },
    "5": {
      "PUT": {
        "cv_accuracy": 0.6486842105263159,
        "cv_logloss": 0.6281872687599861,
        "val_accuracy": 0.7153284671532847,
        "val_logloss": 0.5825602621142425,
        "safe_pct": 73.93209200438116,
        "breach_pct": 26.067907995618846,
        "n_samples": 2739,
        "n_features": 183,
        "model_path": "/home/runner/work/JUDAH-Nifty-Oracle/JUDAH-Nifty-Oracle/data/models/breach/xgb_breach_put_5d.pkl"
      },
      "CALL": {
        "cv_accuracy": 0.6578947368421052,
        "cv_logloss": 0.6227221572217972,
        "val_accuracy": 0.7420924574209246,
        "val_logloss": 0.5294526027397222,
        "safe_pct": 72.32566630156991,
        "breach_pct": 27.674333698430086,
        "n_samples": 2739,
        "n_features": 183,
        "model_path": "/home/runner/work/JUDAH-Nifty-Oracle/JUDAH-Nifty-Oracle/data/models/breach/xgb_breach_call_5d.pkl"
      }
    },
    "7": {
      "PUT": {
        "cv_accuracy": 0.606140350877193,
        "cv_logloss": 0.6596643690483658,
        "val_accuracy": 0.6180048661800487,
        "val_logloss": 0.6486500982767268,
        "safe_pct": 66.99525374224169,
        "breach_pct": 33.00474625775831,
        "n_samples": 2739,
        "n_features": 183,
        "model_path": "/home/runner/work/JUDAH-Nifty-Oracle/JUDAH-Nifty-Oracle/data/models/breach/xgb_breach_put_7d.pkl"
      },
      "CALL": {
        "cv_accuracy": 0.599561403508772,
        "cv_logloss": 0.664543166499094,
        "val_accuracy": 0.6374695863746959,
        "val_logloss": 0.6223590455752006,
        "safe_pct": 63.05220883534136,
        "breach_pct": 36.94779116465864,
        "n_samples": 2739,
        "n_features": 183,
        "model_path": "/home/runner/work/JUDAH-Nifty-Oracle/JUDAH-Nifty-Oracle/data/models/breach/xgb_breach_call_7d.pkl"
      }
    },
    "14": {
      "PUT": {
        "cv_accuracy": 0.5118421052631579,
        "cv_logloss": 0.6923452601925046,
        "val_accuracy": 0.5936739659367397,
        "val_logloss": 0.6682778107521646,
        "safe_pct": 52.68346111719606,
        "breach_pct": 47.31653888280394,
        "n_samples": 2739,
        "n_features": 183,
        "model_path": "/home/runner/work/JUDAH-Nifty-Oracle/JUDAH-Nifty-Oracle/data/models/breach/xgb_breach_put_14d.pkl"
      },
      "CALL": {
        "cv_accuracy": 0.47675438596491226,
        "cv_logloss": 0.7083262018796901,
        "val_accuracy": 0.610705596107056,
        "val_logloss": 0.6548952888223086,
        "safe_pct": 42.24169404892296,
        "breach_pct": 57.75830595107704,
        "n_samples": 2739,
        "n_features": 183,
        "model_path": "/home/runner/work/JUDAH-Nifty-Oracle/JUDAH-Nifty-Oracle/data/models/breach/xgb_breach_call_14d.pkl"
      }
    },
    "28": {
      "PUT": {
        "cv_accuracy": 0.4442982456140351,
        "cv_logloss": 0.6977411141575843,
        "val_accuracy": 0.7031630170316302,
        "val_logloss": 0.6073491020622885,
        "safe_pct": 42.35122307411464,
        "breach_pct": 57.64877692588536,
        "n_samples": 2739,
        "n_features": 183,
        "model_path": "/home/runner/work/JUDAH-Nifty-Oracle/JUDAH-Nifty-Oracle/data/models/breach/xgb_breach_put_28d.pkl"
      },
      "CALL": {
        "cv_accuracy": 0.6026315789473684,
        "cv_logloss": 0.6745580853289922,
        "val_accuracy": 0.7055961070559611,
        "val_logloss": 0.5677628751715293,
        "safe_pct": 27.710843373493976,
        "breach_pct": 72.28915662650603,
        "n_samples": 2739,
        "n_features": 183,
        "model_path": "/home/runner/work/JUDAH-Nifty-Oracle/JUDAH-Nifty-Oracle/data/models/breach/xgb_breach_call_28d.pkl"
      }
    }
  }
}