{
  "last_trained": "2026-06-07 06:18:14",
  "threshold_pct": 2.5,
  "threshold_desc": "\u00b12.5% (~600 pts at Nifty 24000)",
  "horizons": {
    "3": {
      "PUT": {
        "cv_accuracy": 0.7865800865800866,
        "cv_logloss": 0.5014457643032074,
        "val_accuracy": 0.8413461538461539,
        "val_logloss": 0.4258493787864615,
        "safe_pct": 83.8023088023088,
        "breach_pct": 16.1976911976912,
        "n_samples": 2772,
        "n_features": 183,
        "model_path": "/home/runner/work/JUDAH-Nifty-Oracle/JUDAH-Nifty-Oracle/data/models/breach/xgb_breach_put_3d.pkl"
      },
      "CALL": {
        "cv_accuracy": 0.8116883116883118,
        "cv_logloss": 0.46390076279640197,
        "val_accuracy": 0.8581730769230769,
        "val_logloss": 0.39515010186137434,
        "safe_pct": 84.55988455988455,
        "breach_pct": 15.440115440115443,
        "n_samples": 2772,
        "n_features": 183,
        "model_path": "/home/runner/work/JUDAH-Nifty-Oracle/JUDAH-Nifty-Oracle/data/models/breach/xgb_breach_call_3d.pkl"
      }
    },
    "5": {
      "PUT": {
        "cv_accuracy": 0.6441558441558441,
        "cv_logloss": 0.6271744132041931,
        "val_accuracy": 0.7211538461538461,
        "val_logloss": 0.5854843582577471,
        "safe_pct": 73.91774891774891,
        "breach_pct": 26.082251082251084,
        "n_samples": 2772,
        "n_features": 183,
        "model_path": "/home/runner/work/JUDAH-Nifty-Oracle/JUDAH-Nifty-Oracle/data/models/breach/xgb_breach_put_5d.pkl"
      },
      "CALL": {
        "cv_accuracy": 0.6645021645021645,
        "cv_logloss": 0.6234953165054321,
        "val_accuracy": 0.7572115384615384,
        "val_logloss": 0.5255829660985781,
        "safe_pct": 72.61904761904762,
        "breach_pct": 27.380952380952383,
        "n_samples": 2772,
        "n_features": 183,
        "model_path": "/home/runner/work/JUDAH-Nifty-Oracle/JUDAH-Nifty-Oracle/data/models/breach/xgb_breach_call_5d.pkl"
      }
    },
    "7": {
      "PUT": {
        "cv_accuracy": 0.6155844155844157,
        "cv_logloss": 0.6499868154525756,
        "val_accuracy": 0.6081730769230769,
        "val_logloss": 0.645337493351919,
        "safe_pct": 66.73881673881674,
        "breach_pct": 33.261183261183255,
        "n_samples": 2772,
        "n_features": 183,
        "model_path": "/home/runner/work/JUDAH-Nifty-Oracle/JUDAH-Nifty-Oracle/data/models/breach/xgb_breach_put_7d.pkl"
      },
      "CALL": {
        "cv_accuracy": 0.5974025974025974,
        "cv_logloss": 0.6696000099182129,
        "val_accuracy": 0.6995192307692307,
        "val_logloss": 0.5882347496154392,
        "safe_pct": 63.672438672438666,
        "breach_pct": 36.327561327561334,
        "n_samples": 2772,
        "n_features": 183,
        "model_path": "/home/runner/work/JUDAH-Nifty-Oracle/JUDAH-Nifty-Oracle/data/models/breach/xgb_breach_call_7d.pkl"
      }
    },
    "14": {
      "PUT": {
        "cv_accuracy": 0.5294372294372295,
        "cv_logloss": 0.6879479050636291,
        "val_accuracy": 0.5865384615384616,
        "val_logloss": 0.6570440742761646,
        "safe_pct": 53.102453102453104,
        "breach_pct": 46.897546897546896,
        "n_samples": 2772,
        "n_features": 183,
        "model_path": "/home/runner/work/JUDAH-Nifty-Oracle/JUDAH-Nifty-Oracle/data/models/breach/xgb_breach_put_14d.pkl"
      },
      "CALL": {
        "cv_accuracy": 0.5025974025974026,
        "cv_logloss": 0.6989522576332092,
        "val_accuracy": 0.5769230769230769,
        "val_logloss": 0.6658138395733126,
        "safe_pct": 43.03751803751803,
        "breach_pct": 56.962481962481974,
        "n_samples": 2772,
        "n_features": 183,
        "model_path": "/home/runner/work/JUDAH-Nifty-Oracle/JUDAH-Nifty-Oracle/data/models/breach/xgb_breach_call_14d.pkl"
      }
    },
    "28": {
      "PUT": {
        "cv_accuracy": 0.4597402597402597,
        "cv_logloss": 0.6995020031929016,
        "val_accuracy": 0.7115384615384616,
        "val_logloss": 0.5985585964025893,
        "safe_pct": 42.2077922077922,
        "breach_pct": 57.7922077922078,
        "n_samples": 2772,
        "n_features": 183,
        "model_path": "/home/runner/work/JUDAH-Nifty-Oracle/JUDAH-Nifty-Oracle/data/models/breach/xgb_breach_put_28d.pkl"
      },
      "CALL": {
        "cv_accuracy": 0.5606060606060607,
        "cv_logloss": 0.6735482931137085,
        "val_accuracy": 0.6754807692307693,
        "val_logloss": 0.6121905782777203,
        "safe_pct": 27.958152958152958,
        "breach_pct": 72.04184704184703,
        "n_samples": 2772,
        "n_features": 183,
        "model_path": "/home/runner/work/JUDAH-Nifty-Oracle/JUDAH-Nifty-Oracle/data/models/breach/xgb_breach_call_28d.pkl"
      }
    }
  }
}