{
  "last_trained": "2026-07-05 05:56:20",
  "threshold_pct": 2.5,
  "threshold_desc": "\u00b12.5% (~600 pts at Nifty 24000)",
  "horizons": {
    "3": {
      "PUT": {
        "cv_accuracy": 0.7806451612903226,
        "cv_logloss": 0.49997572898864745,
        "val_accuracy": 0.8496420047732697,
        "val_logloss": 0.4121701476026805,
        "safe_pct": 83.91257613758509,
        "breach_pct": 16.08742386241491,
        "n_samples": 2791,
        "n_features": 183,
        "model_path": "/home/runner/work/JUDAH-Nifty-Oracle/JUDAH-Nifty-Oracle/data/models/breach/xgb_breach_put_3d.pkl"
      },
      "CALL": {
        "cv_accuracy": 0.8038709677419356,
        "cv_logloss": 0.4754462420940399,
        "val_accuracy": 0.8520286396181385,
        "val_logloss": 0.4033102251980378,
        "safe_pct": 84.41418846291651,
        "breach_pct": 15.585811537083483,
        "n_samples": 2791,
        "n_features": 183,
        "model_path": "/home/runner/work/JUDAH-Nifty-Oracle/JUDAH-Nifty-Oracle/data/models/breach/xgb_breach_call_3d.pkl"
      }
    },
    "5": {
      "PUT": {
        "cv_accuracy": 0.6408602150537634,
        "cv_logloss": 0.631345558166504,
        "val_accuracy": 0.7350835322195705,
        "val_logloss": 0.5677726547667937,
        "safe_pct": 74.09530634181297,
        "breach_pct": 25.90469365818703,
        "n_samples": 2791,
        "n_features": 183,
        "model_path": "/home/runner/work/JUDAH-Nifty-Oracle/JUDAH-Nifty-Oracle/data/models/breach/xgb_breach_put_5d.pkl"
      },
      "CALL": {
        "cv_accuracy": 0.6610752688172044,
        "cv_logloss": 0.6278345584869385,
        "val_accuracy": 0.766109785202864,
        "val_logloss": 0.527745649005002,
        "safe_pct": 72.5904693658187,
        "breach_pct": 27.4095306341813,
        "n_samples": 2791,
        "n_features": 183,
        "model_path": "/home/runner/work/JUDAH-Nifty-Oracle/JUDAH-Nifty-Oracle/data/models/breach/xgb_breach_call_5d.pkl"
      }
    },
    "7": {
      "PUT": {
        "cv_accuracy": 0.6034408602150538,
        "cv_logloss": 0.656005585193634,
        "val_accuracy": 0.639618138424821,
        "val_logloss": 0.6249567832710156,
        "safe_pct": 67.14439269079183,
        "breach_pct": 32.85560730920817,
        "n_samples": 2791,
        "n_features": 183,
        "model_path": "/home/runner/work/JUDAH-Nifty-Oracle/JUDAH-Nifty-Oracle/data/models/breach/xgb_breach_put_7d.pkl"
      },
      "CALL": {
        "cv_accuracy": 0.5836559139784946,
        "cv_logloss": 0.6692826867103576,
        "val_accuracy": 0.6778042959427207,
        "val_logloss": 0.6001491671943525,
        "safe_pct": 63.38230025080617,
        "breach_pct": 36.61769974919383,
        "n_samples": 2791,
        "n_features": 183,
        "model_path": "/home/runner/work/JUDAH-Nifty-Oracle/JUDAH-Nifty-Oracle/data/models/breach/xgb_breach_call_7d.pkl"
      }
    },
    "14": {
      "PUT": {
        "cv_accuracy": 0.5432258064516129,
        "cv_logloss": 0.6878034830093384,
        "val_accuracy": 0.594272076372315,
        "val_logloss": 0.6602213152469358,
        "safe_pct": 53.099247581511996,
        "breach_pct": 46.900752418488004,
        "n_samples": 2791,
        "n_features": 183,
        "model_path": "/home/runner/work/JUDAH-Nifty-Oracle/JUDAH-Nifty-Oracle/data/models/breach/xgb_breach_put_14d.pkl"
      },
      "CALL": {
        "cv_accuracy": 0.5002150537634409,
        "cv_logloss": 0.7022467017173767,
        "val_accuracy": 0.6085918854415274,
        "val_logloss": 0.6600125649798821,
        "safe_pct": 42.52955929774275,
        "breach_pct": 57.47044070225725,
        "n_samples": 2791,
        "n_features": 183,
        "model_path": "/home/runner/work/JUDAH-Nifty-Oracle/JUDAH-Nifty-Oracle/data/models/breach/xgb_breach_call_14d.pkl"
      }
    },
    "28": {
      "PUT": {
        "cv_accuracy": 0.4602150537634408,
        "cv_logloss": 0.6974798679351807,
        "val_accuracy": 0.7255369928400954,
        "val_logloss": 0.586880677754776,
        "safe_pct": 41.99211752060194,
        "breach_pct": 58.00788247939806,
        "n_samples": 2791,
        "n_features": 183,
        "model_path": "/home/runner/work/JUDAH-Nifty-Oracle/JUDAH-Nifty-Oracle/data/models/breach/xgb_breach_put_28d.pkl"
      },
      "CALL": {
        "cv_accuracy": 0.6154838709677419,
        "cv_logloss": 0.6424866318702698,
        "val_accuracy": 0.6563245823389021,
        "val_logloss": 0.6371524411093327,
        "safe_pct": 28.090290218559655,
        "breach_pct": 71.90970978144034,
        "n_samples": 2791,
        "n_features": 183,
        "model_path": "/home/runner/work/JUDAH-Nifty-Oracle/JUDAH-Nifty-Oracle/data/models/breach/xgb_breach_call_28d.pkl"
      }
    }
  }
}