{
  "last_trained": "2026-07-19 06:16:50",
  "threshold_pct": 2.5,
  "threshold_desc": "\u00b12.5% (~600 pts at Nifty 24000)",
  "horizons": {
    "3": {
      "PUT": {
        "cv_accuracy": 0.798283261802575,
        "cv_logloss": 0.4921837866306305,
        "val_accuracy": 0.8432304038004751,
        "val_logloss": 0.4228511223735492,
        "safe_pct": 83.8629061049625,
        "breach_pct": 16.13709389503749,
        "n_samples": 2801,
        "n_features": 183,
        "model_path": "/home/runner/work/JUDAH-Nifty-Oracle/JUDAH-Nifty-Oracle/data/models/breach/xgb_breach_put_3d.pkl"
      },
      "CALL": {
        "cv_accuracy": 0.8081545064377682,
        "cv_logloss": 0.4705826282501221,
        "val_accuracy": 0.8622327790973872,
        "val_logloss": 0.38379476911231497,
        "safe_pct": 84.54123527311674,
        "breach_pct": 15.458764726883256,
        "n_samples": 2801,
        "n_features": 183,
        "model_path": "/home/runner/work/JUDAH-Nifty-Oracle/JUDAH-Nifty-Oracle/data/models/breach/xgb_breach_call_3d.pkl"
      }
    },
    "5": {
      "PUT": {
        "cv_accuracy": 0.6656652360515022,
        "cv_logloss": 0.6170698523521423,
        "val_accuracy": 0.7292161520190024,
        "val_logloss": 0.5797619730133012,
        "safe_pct": 74.08068546947518,
        "breach_pct": 25.91931453052482,
        "n_samples": 2801,
        "n_features": 183,
        "model_path": "/home/runner/work/JUDAH-Nifty-Oracle/JUDAH-Nifty-Oracle/data/models/breach/xgb_breach_put_5d.pkl"
      },
      "CALL": {
        "cv_accuracy": 0.6532188841201716,
        "cv_logloss": 0.6257749199867249,
        "val_accuracy": 0.7672209026128266,
        "val_logloss": 0.5118763922576988,
        "safe_pct": 72.61692252766869,
        "breach_pct": 27.38307747233131,
        "n_samples": 2801,
        "n_features": 183,
        "model_path": "/home/runner/work/JUDAH-Nifty-Oracle/JUDAH-Nifty-Oracle/data/models/breach/xgb_breach_call_5d.pkl"
      }
    },
    "7": {
      "PUT": {
        "cv_accuracy": 0.5918454935622317,
        "cv_logloss": 0.6616820335388184,
        "val_accuracy": 0.6365795724465558,
        "val_logloss": 0.6390233077485742,
        "safe_pct": 67.15458764726884,
        "breach_pct": 32.84541235273116,
        "n_samples": 2801,
        "n_features": 183,
        "model_path": "/home/runner/work/JUDAH-Nifty-Oracle/JUDAH-Nifty-Oracle/data/models/breach/xgb_breach_put_7d.pkl"
      },
      "CALL": {
        "cv_accuracy": 0.5978540772532189,
        "cv_logloss": 0.668316376209259,
        "val_accuracy": 0.6769596199524941,
        "val_logloss": 0.5919781686299816,
        "safe_pct": 63.33452338450554,
        "breach_pct": 36.66547661549446,
        "n_samples": 2801,
        "n_features": 183,
        "model_path": "/home/runner/work/JUDAH-Nifty-Oracle/JUDAH-Nifty-Oracle/data/models/breach/xgb_breach_call_7d.pkl"
      }
    },
    "14": {
      "PUT": {
        "cv_accuracy": 0.5300429184549357,
        "cv_logloss": 0.6922606468200684,
        "val_accuracy": 0.6247030878859857,
        "val_logloss": 0.6441137903325425,
        "safe_pct": 53.26669046769011,
        "breach_pct": 46.73330953230989,
        "n_samples": 2801,
        "n_features": 183,
        "model_path": "/home/runner/work/JUDAH-Nifty-Oracle/JUDAH-Nifty-Oracle/data/models/breach/xgb_breach_put_14d.pkl"
      },
      "CALL": {
        "cv_accuracy": 0.5021459227467812,
        "cv_logloss": 0.7049876093864441,
        "val_accuracy": 0.6294536817102138,
        "val_logloss": 0.6394622974755569,
        "safe_pct": 42.484826847554444,
        "breach_pct": 57.515173152445556,
        "n_samples": 2801,
        "n_features": 183,
        "model_path": "/home/runner/work/JUDAH-Nifty-Oracle/JUDAH-Nifty-Oracle/data/models/breach/xgb_breach_call_14d.pkl"
      }
    },
    "28": {
      "PUT": {
        "cv_accuracy": 0.4909871244635193,
        "cv_logloss": 0.696999454498291,
        "val_accuracy": 0.6460807600950119,
        "val_logloss": 0.6478490432711137,
        "safe_pct": 43.056051410210635,
        "breach_pct": 56.943948589789365,
        "n_samples": 2801,
        "n_features": 183,
        "model_path": "/home/runner/work/JUDAH-Nifty-Oracle/JUDAH-Nifty-Oracle/data/models/breach/xgb_breach_put_28d.pkl"
      },
      "CALL": {
        "cv_accuracy": 0.6137339055793992,
        "cv_logloss": 0.6316124320030212,
        "val_accuracy": 0.6745843230403801,
        "val_logloss": 0.6168120647600899,
        "safe_pct": 28.025705105319528,
        "breach_pct": 71.97429489468048,
        "n_samples": 2801,
        "n_features": 183,
        "model_path": "/home/runner/work/JUDAH-Nifty-Oracle/JUDAH-Nifty-Oracle/data/models/breach/xgb_breach_call_28d.pkl"
      }
    }
  }
}