{
  "last_trained": "2026-06-21 06:46:49",
  "threshold_pct": 2.5,
  "threshold_desc": "\u00b12.5% (~600 pts at Nifty 24000)",
  "horizons": {
    "3": {
      "PUT": {
        "cv_accuracy": 0.7913606911447084,
        "cv_logloss": 0.5027409613132476,
        "val_accuracy": 0.8421052631578947,
        "val_logloss": 0.42546501074197995,
        "safe_pct": 83.86053199137311,
        "breach_pct": 16.13946800862689,
        "n_samples": 2782,
        "n_features": 183,
        "model_path": "/home/runner/work/JUDAH-Nifty-Oracle/JUDAH-Nifty-Oracle/data/models/breach/xgb_breach_put_3d.pkl"
      },
      "CALL": {
        "cv_accuracy": 0.8069114470842333,
        "cv_logloss": 0.4693526864051819,
        "val_accuracy": 0.854066985645933,
        "val_logloss": 0.39961753884752793,
        "safe_pct": 84.54349388928829,
        "breach_pct": 15.456506110711722,
        "n_samples": 2782,
        "n_features": 183,
        "model_path": "/home/runner/work/JUDAH-Nifty-Oracle/JUDAH-Nifty-Oracle/data/models/breach/xgb_breach_call_3d.pkl"
      }
    },
    "5": {
      "PUT": {
        "cv_accuracy": 0.641036717062635,
        "cv_logloss": 0.6286386013031006,
        "val_accuracy": 0.7272727272727273,
        "val_logloss": 0.583726618243953,
        "safe_pct": 74.01150251617541,
        "breach_pct": 25.98849748382459,
        "n_samples": 2782,
        "n_features": 183,
        "model_path": "/home/runner/work/JUDAH-Nifty-Oracle/JUDAH-Nifty-Oracle/data/models/breach/xgb_breach_put_5d.pkl"
      },
      "CALL": {
        "cv_accuracy": 0.6609071274298056,
        "cv_logloss": 0.6203741669654846,
        "val_accuracy": 0.7344497607655502,
        "val_logloss": 0.5512754007333993,
        "safe_pct": 72.35801581595975,
        "breach_pct": 27.641984184040258,
        "n_samples": 2782,
        "n_features": 183,
        "model_path": "/home/runner/work/JUDAH-Nifty-Oracle/JUDAH-Nifty-Oracle/data/models/breach/xgb_breach_call_5d.pkl"
      }
    },
    "7": {
      "PUT": {
        "cv_accuracy": 0.6043196544276458,
        "cv_logloss": 0.6584666252136231,
        "val_accuracy": 0.631578947368421,
        "val_logloss": 0.6342816594496284,
        "safe_pct": 67.03810208483105,
        "breach_pct": 32.96189791516895,
        "n_samples": 2782,
        "n_features": 183,
        "model_path": "/home/runner/work/JUDAH-Nifty-Oracle/JUDAH-Nifty-Oracle/data/models/breach/xgb_breach_put_7d.pkl"
      },
      "CALL": {
        "cv_accuracy": 0.5753779697624191,
        "cv_logloss": 0.6716458678245545,
        "val_accuracy": 0.6842105263157895,
        "val_logloss": 0.5980488048817019,
        "safe_pct": 63.37167505391804,
        "breach_pct": 36.62832494608196,
        "n_samples": 2782,
        "n_features": 183,
        "model_path": "/home/runner/work/JUDAH-Nifty-Oracle/JUDAH-Nifty-Oracle/data/models/breach/xgb_breach_call_7d.pkl"
      }
    },
    "14": {
      "PUT": {
        "cv_accuracy": 0.5166306695464363,
        "cv_logloss": 0.6897612690925599,
        "val_accuracy": 0.6076555023923444,
        "val_logloss": 0.6271956848834298,
        "safe_pct": 52.94751976994968,
        "breach_pct": 47.05248023005032,
        "n_samples": 2782,
        "n_features": 183,
        "model_path": "/home/runner/work/JUDAH-Nifty-Oracle/JUDAH-Nifty-Oracle/data/models/breach/xgb_breach_put_14d.pkl"
      },
      "CALL": {
        "cv_accuracy": 0.49503239740820726,
        "cv_logloss": 0.7006785869598389,
        "val_accuracy": 0.6196172248803827,
        "val_logloss": 0.6494162685610805,
        "safe_pct": 42.66714593817398,
        "breach_pct": 57.33285406182602,
        "n_samples": 2782,
        "n_features": 183,
        "model_path": "/home/runner/work/JUDAH-Nifty-Oracle/JUDAH-Nifty-Oracle/data/models/breach/xgb_breach_call_14d.pkl"
      }
    },
    "28": {
      "PUT": {
        "cv_accuracy": 0.47300215982721383,
        "cv_logloss": 0.696308696269989,
        "val_accuracy": 0.7248803827751196,
        "val_logloss": 0.5669720422318814,
        "safe_pct": 42.05607476635514,
        "breach_pct": 57.94392523364487,
        "n_samples": 2782,
        "n_features": 183,
        "model_path": "/home/runner/work/JUDAH-Nifty-Oracle/JUDAH-Nifty-Oracle/data/models/breach/xgb_breach_put_28d.pkl"
      },
      "CALL": {
        "cv_accuracy": 0.5779697624190064,
        "cv_logloss": 0.6707481384277344,
        "val_accuracy": 0.6196172248803827,
        "val_logloss": 0.6348034007138568,
        "safe_pct": 29.151689432063264,
        "breach_pct": 70.84831056793674,
        "n_samples": 2782,
        "n_features": 183,
        "model_path": "/home/runner/work/JUDAH-Nifty-Oracle/JUDAH-Nifty-Oracle/data/models/breach/xgb_breach_call_28d.pkl"
      }
    }
  }
}