{
  "last_trained": "2026-06-28 06:09:10",
  "threshold_pct": 2.5,
  "threshold_desc": "\u00b12.5% (~600 pts at Nifty 24000)",
  "horizons": {
    "3": {
      "PUT": {
        "cv_accuracy": 0.7827586206896552,
        "cv_logloss": 0.5070897459983825,
        "val_accuracy": 0.8492822966507177,
        "val_logloss": 0.41666640504395874,
        "safe_pct": 83.88370423546303,
        "breach_pct": 16.11629576453697,
        "n_samples": 2786,
        "n_features": 183,
        "model_path": "/home/runner/work/JUDAH-Nifty-Oracle/JUDAH-Nifty-Oracle/data/models/breach/xgb_breach_put_3d.pkl"
      },
      "CALL": {
        "cv_accuracy": 0.8021551724137931,
        "cv_logloss": 0.4766478657722473,
        "val_accuracy": 0.854066985645933,
        "val_logloss": 0.39742689892856947,
        "safe_pct": 84.56568557071068,
        "breach_pct": 15.434314429289309,
        "n_samples": 2786,
        "n_features": 183,
        "model_path": "/home/runner/work/JUDAH-Nifty-Oracle/JUDAH-Nifty-Oracle/data/models/breach/xgb_breach_call_3d.pkl"
      }
    },
    "5": {
      "PUT": {
        "cv_accuracy": 0.6461206896551723,
        "cv_logloss": 0.6269613742828369,
        "val_accuracy": 0.7392344497607656,
        "val_logloss": 0.5642756276532037,
        "safe_pct": 74.04881550610195,
        "breach_pct": 25.95118449389806,
        "n_samples": 2786,
        "n_features": 183,
        "model_path": "/home/runner/work/JUDAH-Nifty-Oracle/JUDAH-Nifty-Oracle/data/models/breach/xgb_breach_put_5d.pkl"
      },
      "CALL": {
        "cv_accuracy": 0.6512931034482758,
        "cv_logloss": 0.6240861296653748,
        "val_accuracy": 0.7488038277511961,
        "val_logloss": 0.5245455986081966,
        "safe_pct": 72.57717157214645,
        "breach_pct": 27.422828427853553,
        "n_samples": 2786,
        "n_features": 183,
        "model_path": "/home/runner/work/JUDAH-Nifty-Oracle/JUDAH-Nifty-Oracle/data/models/breach/xgb_breach_call_5d.pkl"
      }
    },
    "7": {
      "PUT": {
        "cv_accuracy": 0.5991379310344828,
        "cv_logloss": 0.6607799530029297,
        "val_accuracy": 0.638755980861244,
        "val_logloss": 0.6419341221480417,
        "safe_pct": 67.08542713567839,
        "breach_pct": 32.91457286432161,
        "n_samples": 2786,
        "n_features": 183,
        "model_path": "/home/runner/work/JUDAH-Nifty-Oracle/JUDAH-Nifty-Oracle/data/models/breach/xgb_breach_put_7d.pkl"
      },
      "CALL": {
        "cv_accuracy": 0.5797413793103449,
        "cv_logloss": 0.6726302146911621,
        "val_accuracy": 0.6842105263157895,
        "val_logloss": 0.6036220827652454,
        "safe_pct": 63.60373295046662,
        "breach_pct": 36.39626704953338,
        "n_samples": 2786,
        "n_features": 183,
        "model_path": "/home/runner/work/JUDAH-Nifty-Oracle/JUDAH-Nifty-Oracle/data/models/breach/xgb_breach_call_7d.pkl"
      }
    },
    "14": {
      "PUT": {
        "cv_accuracy": 0.5650862068965516,
        "cv_logloss": 0.6871867179870605,
        "val_accuracy": 0.5885167464114832,
        "val_logloss": 0.6340929458839666,
        "safe_pct": 53.015075376884425,
        "breach_pct": 46.984924623115575,
        "n_samples": 2786,
        "n_features": 183,
        "model_path": "/home/runner/work/JUDAH-Nifty-Oracle/JUDAH-Nifty-Oracle/data/models/breach/xgb_breach_put_14d.pkl"
      },
      "CALL": {
        "cv_accuracy": 0.4875,
        "cv_logloss": 0.7031476378440857,
        "val_accuracy": 0.6148325358851675,
        "val_logloss": 0.6564902739444088,
        "safe_pct": 42.60588657573582,
        "breach_pct": 57.39411342426417,
        "n_samples": 2786,
        "n_features": 183,
        "model_path": "/home/runner/work/JUDAH-Nifty-Oracle/JUDAH-Nifty-Oracle/data/models/breach/xgb_breach_call_14d.pkl"
      }
    },
    "28": {
      "PUT": {
        "cv_accuracy": 0.47543103448275864,
        "cv_logloss": 0.6960714817047119,
        "val_accuracy": 0.7416267942583732,
        "val_logloss": 0.5594867186576981,
        "safe_pct": 42.06748025843503,
        "breach_pct": 57.93251974156497,
        "n_samples": 2786,
        "n_features": 183,
        "model_path": "/home/runner/work/JUDAH-Nifty-Oracle/JUDAH-Nifty-Oracle/data/models/breach/xgb_breach_put_28d.pkl"
      },
      "CALL": {
        "cv_accuracy": 0.5732758620689655,
        "cv_logloss": 0.6638570904731751,
        "val_accuracy": 0.6555023923444976,
        "val_logloss": 0.6273352011679137,
        "safe_pct": 28.14070351758794,
        "breach_pct": 71.85929648241206,
        "n_samples": 2786,
        "n_features": 183,
        "model_path": "/home/runner/work/JUDAH-Nifty-Oracle/JUDAH-Nifty-Oracle/data/models/breach/xgb_breach_call_28d.pkl"
      }
    }
  }
}