{
  "last_trained": "2026-05-31 06:13:02",
  "threshold_pct": 2.5,
  "threshold_desc": "\u00b12.5% (~600 pts at Nifty 24000)",
  "horizons": {
    "3": {
      "PUT": {
        "cv_accuracy": 0.766594360086768,
        "cv_logloss": 0.5121338537286976,
        "val_accuracy": 0.8389423076923077,
        "val_logloss": 0.4281648023242841,
        "safe_pct": 83.73689916877484,
        "breach_pct": 16.263100831225152,
        "n_samples": 2767,
        "n_features": 183,
        "model_path": "/home/runner/work/JUDAH-Nifty-Oracle/JUDAH-Nifty-Oracle/data/models/breach/xgb_breach_put_3d.pkl"
      },
      "CALL": {
        "cv_accuracy": 0.8017353579175704,
        "cv_logloss": 0.4762062766872484,
        "val_accuracy": 0.8581730769230769,
        "val_logloss": 0.38828884980449796,
        "safe_pct": 84.53198409830141,
        "breach_pct": 15.468015901698596,
        "n_samples": 2767,
        "n_features": 183,
        "model_path": "/home/runner/work/JUDAH-Nifty-Oracle/JUDAH-Nifty-Oracle/data/models/breach/xgb_breach_call_3d.pkl"
      }
    },
    "5": {
      "PUT": {
        "cv_accuracy": 0.6498915401301518,
        "cv_logloss": 0.6296683383969222,
        "val_accuracy": 0.7283653846153846,
        "val_logloss": 0.5740157952353481,
        "safe_pct": 73.97903867003976,
        "breach_pct": 26.020961329960247,
        "n_samples": 2767,
        "n_features": 183,
        "model_path": "/home/runner/work/JUDAH-Nifty-Oracle/JUDAH-Nifty-Oracle/data/models/breach/xgb_breach_put_5d.pkl"
      },
      "CALL": {
        "cv_accuracy": 0.6572668112798266,
        "cv_logloss": 0.6274506410082805,
        "val_accuracy": 0.7620192307692307,
        "val_logloss": 0.5276384223504926,
        "safe_pct": 72.56956993133358,
        "breach_pct": 27.43043006866642,
        "n_samples": 2767,
        "n_features": 183,
        "model_path": "/home/runner/work/JUDAH-Nifty-Oracle/JUDAH-Nifty-Oracle/data/models/breach/xgb_breach_call_5d.pkl"
      }
    },
    "7": {
      "PUT": {
        "cv_accuracy": 0.6242950108459869,
        "cv_logloss": 0.6455774936493375,
        "val_accuracy": 0.6322115384615384,
        "val_logloss": 0.6285242981925786,
        "safe_pct": 67.04011564871702,
        "breach_pct": 32.95988435128297,
        "n_samples": 2767,
        "n_features": 183,
        "model_path": "/home/runner/work/JUDAH-Nifty-Oracle/JUDAH-Nifty-Oracle/data/models/breach/xgb_breach_put_7d.pkl"
      },
      "CALL": {
        "cv_accuracy": 0.5878524945770065,
        "cv_logloss": 0.6667642448878967,
        "val_accuracy": 0.6778846153846154,
        "val_logloss": 0.6114490596480775,
        "safe_pct": 63.606794362125044,
        "breach_pct": 36.393205637874956,
        "n_samples": 2767,
        "n_features": 183,
        "model_path": "/home/runner/work/JUDAH-Nifty-Oracle/JUDAH-Nifty-Oracle/data/models/breach/xgb_breach_call_7d.pkl"
      }
    },
    "14": {
      "PUT": {
        "cv_accuracy": 0.5154013015184382,
        "cv_logloss": 0.6929861763029359,
        "val_accuracy": 0.6442307692307693,
        "val_logloss": 0.6330013168512051,
        "safe_pct": 52.584026020961325,
        "breach_pct": 47.415973979038675,
        "n_samples": 2767,
        "n_features": 183,
        "model_path": "/home/runner/work/JUDAH-Nifty-Oracle/JUDAH-Nifty-Oracle/data/models/breach/xgb_breach_put_14d.pkl"
      },
      "CALL": {
        "cv_accuracy": 0.49848156182212583,
        "cv_logloss": 0.6994713963721543,
        "val_accuracy": 0.5673076923076923,
        "val_logloss": 0.665873217329617,
        "safe_pct": 43.006866642573186,
        "breach_pct": 56.993133357426814,
        "n_samples": 2767,
        "n_features": 183,
        "model_path": "/home/runner/work/JUDAH-Nifty-Oracle/JUDAH-Nifty-Oracle/data/models/breach/xgb_breach_call_14d.pkl"
      }
    },
    "28": {
      "PUT": {
        "cv_accuracy": 0.44468546637744033,
        "cv_logloss": 0.7016804070278739,
        "val_accuracy": 0.6995192307692307,
        "val_logloss": 0.6079811918543129,
        "safe_pct": 42.284062161185396,
        "breach_pct": 57.715937838814604,
        "n_samples": 2767,
        "n_features": 183,
        "model_path": "/home/runner/work/JUDAH-Nifty-Oracle/JUDAH-Nifty-Oracle/data/models/breach/xgb_breach_put_28d.pkl"
      },
      "CALL": {
        "cv_accuracy": 0.6108459869848156,
        "cv_logloss": 0.6672953311114294,
        "val_accuracy": 0.6322115384615384,
        "val_logloss": 0.6366987794593987,
        "safe_pct": 28.767618359233825,
        "breach_pct": 71.23238164076618,
        "n_samples": 2767,
        "n_features": 183,
        "model_path": "/home/runner/work/JUDAH-Nifty-Oracle/JUDAH-Nifty-Oracle/data/models/breach/xgb_breach_call_28d.pkl"
      }
    }
  }
}