{
  "last_trained": "2026-05-03 05:24:00",
  "threshold_pct": 2.5,
  "threshold_desc": "\u00b12.5% (~600 pts at Nifty 24000)",
  "horizons": {
    "3": {
      "PUT": {
        "cv_accuracy": 0.7764192139737991,
        "cv_logloss": 0.5059744103889907,
        "val_accuracy": 0.8498789346246973,
        "val_logloss": 0.410513522613531,
        "safe_pct": 83.9155749636099,
        "breach_pct": 16.084425036390105,
        "n_samples": 2748,
        "n_features": 183,
        "model_path": "/home/runner/work/JUDAH-Nifty-Oracle/JUDAH-Nifty-Oracle/data/models/breach/xgb_breach_put_3d.pkl"
      },
      "CALL": {
        "cv_accuracy": 0.8039301310043667,
        "cv_logloss": 0.47668965558685905,
        "val_accuracy": 0.8523002421307506,
        "val_logloss": 0.4039470751131633,
        "safe_pct": 84.4250363901019,
        "breach_pct": 15.574963609898107,
        "n_samples": 2748,
        "n_features": 183,
        "model_path": "/home/runner/work/JUDAH-Nifty-Oracle/JUDAH-Nifty-Oracle/data/models/breach/xgb_breach_call_3d.pkl"
      }
    },
    "5": {
      "PUT": {
        "cv_accuracy": 0.6554585152838428,
        "cv_logloss": 0.6271693039357775,
        "val_accuracy": 0.7288135593220338,
        "val_logloss": 0.5731462481045992,
        "safe_pct": 73.98107714701602,
        "breach_pct": 26.018922852983984,
        "n_samples": 2748,
        "n_features": 183,
        "model_path": "/home/runner/work/JUDAH-Nifty-Oracle/JUDAH-Nifty-Oracle/data/models/breach/xgb_breach_put_5d.pkl"
      },
      "CALL": {
        "cv_accuracy": 0.6633187772925764,
        "cv_logloss": 0.6182032329164527,
        "val_accuracy": 0.7481840193704601,
        "val_logloss": 0.5402378041071998,
        "safe_pct": 72.37991266375546,
        "breach_pct": 27.620087336244538,
        "n_samples": 2748,
        "n_features": 183,
        "model_path": "/home/runner/work/JUDAH-Nifty-Oracle/JUDAH-Nifty-Oracle/data/models/breach/xgb_breach_call_5d.pkl"
      }
    },
    "7": {
      "PUT": {
        "cv_accuracy": 0.6240174672489083,
        "cv_logloss": 0.6538423608760943,
        "val_accuracy": 0.6174334140435835,
        "val_logloss": 0.6557602355804558,
        "safe_pct": 66.8122270742358,
        "breach_pct": 33.18777292576419,
        "n_samples": 2748,
        "n_features": 183,
        "model_path": "/home/runner/work/JUDAH-Nifty-Oracle/JUDAH-Nifty-Oracle/data/models/breach/xgb_breach_put_7d.pkl"
      },
      "CALL": {
        "cv_accuracy": 0.5960698689956332,
        "cv_logloss": 0.6682462704069241,
        "val_accuracy": 0.6634382566585957,
        "val_logloss": 0.6010959138538188,
        "safe_pct": 63.3551673944687,
        "breach_pct": 36.6448326055313,
        "n_samples": 2748,
        "n_features": 183,
        "model_path": "/home/runner/work/JUDAH-Nifty-Oracle/JUDAH-Nifty-Oracle/data/models/breach/xgb_breach_call_7d.pkl"
      }
    },
    "14": {
      "PUT": {
        "cv_accuracy": 0.5462882096069869,
        "cv_logloss": 0.6914979815671833,
        "val_accuracy": 0.6246973365617433,
        "val_logloss": 0.6223211058297735,
        "safe_pct": 53.23871906841339,
        "breach_pct": 46.76128093158661,
        "n_samples": 2748,
        "n_features": 183,
        "model_path": "/home/runner/work/JUDAH-Nifty-Oracle/JUDAH-Nifty-Oracle/data/models/breach/xgb_breach_put_14d.pkl"
      },
      "CALL": {
        "cv_accuracy": 0.48384279475982533,
        "cv_logloss": 0.7030884351156821,
        "val_accuracy": 0.6150121065375302,
        "val_logloss": 0.6423463155587373,
        "safe_pct": 42.13973799126637,
        "breach_pct": 57.86026200873362,
        "n_samples": 2748,
        "n_features": 183,
        "model_path": "/home/runner/work/JUDAH-Nifty-Oracle/JUDAH-Nifty-Oracle/data/models/breach/xgb_breach_call_14d.pkl"
      }
    },
    "28": {
      "PUT": {
        "cv_accuracy": 0.4393013100436681,
        "cv_logloss": 0.7023777139842899,
        "val_accuracy": 0.7046004842615012,
        "val_logloss": 0.6027766708778418,
        "safe_pct": 42.21251819505095,
        "breach_pct": 57.78748180494906,
        "n_samples": 2748,
        "n_features": 183,
        "model_path": "/home/runner/work/JUDAH-Nifty-Oracle/JUDAH-Nifty-Oracle/data/models/breach/xgb_breach_put_28d.pkl"
      },
      "CALL": {
        "cv_accuracy": 0.6157205240174672,
        "cv_logloss": 0.66509359871223,
        "val_accuracy": 0.6973365617433414,
        "val_logloss": 0.5782829788364212,
        "safe_pct": 27.76564774381368,
        "breach_pct": 72.23435225618631,
        "n_samples": 2748,
        "n_features": 183,
        "model_path": "/home/runner/work/JUDAH-Nifty-Oracle/JUDAH-Nifty-Oracle/data/models/breach/xgb_breach_call_28d.pkl"
      }
    }
  }
}