feature,importance
sp_ret,0.13893814
spread,0.12595391
copper_ret,0.10820291
dxy_ret,0.09482611
gold_ret,0.09386572
natgas_ret,0.09208394
us_vix_ret,0.08940759
crude_ret,0.08679271
silver_ret,0.08499129
us10y_ret,0.08493764
