feature,importance
sp_ret,0.14061229
spread,0.123916104
us10y_ret,0.09802858
crude_ret,0.09801161
us_vix_ret,0.09681047
natgas_ret,0.09488213
dxy_ret,0.09350144
copper_ret,0.09269162
silver_ret,0.08167964
gold_ret,0.079866126
