feature,importance
sp_ret,0.14736721
spread,0.12634315
copper_ret,0.10468299
us10y_ret,0.097402275
crude_ret,0.0947285
gold_ret,0.09008692
natgas_ret,0.0888224
dxy_ret,0.08786772
us_vix_ret,0.08467394
silver_ret,0.07802491
