feature,importance
sp_ret,0.15954734
spread,0.12080599
natgas_ret,0.10132443
us10y_ret,0.10083372
dxy_ret,0.09854361
crude_ret,0.09681441
copper_ret,0.08406106
silver_ret,0.083026245
gold_ret,0.07928175
us_vix_ret,0.07576144
