feature,importance
sp_ret,0.15507294
spread,0.12700325
natgas_ret,0.1005872
dxy_ret,0.09829657
us10y_ret,0.09610773
copper_ret,0.09377983
crude_ret,0.090211056
silver_ret,0.08543518
us_vix_ret,0.080219455
gold_ret,0.073286764
