feature,importance
sp_ret,0.16146296
spread,0.12565258
natgas_ret,0.10448374
crude_ret,0.0980219
us10y_ret,0.09218468
copper_ret,0.09148973
dxy_ret,0.091043174
gold_ret,0.08198776
silver_ret,0.0803232
us_vix_ret,0.07335027
