feature,importance
sp_ret,0.15194081
spread,0.13199748
copper_ret,0.1004587
natgas_ret,0.09883964
us10y_ret,0.09429738
gold_ret,0.08901144
crude_ret,0.08852899
silver_ret,0.084041946
dxy_ret,0.08155936
us_vix_ret,0.07932428
