feature,importance
sp_ret,0.15420675
spread,0.1291609
copper_ret,0.10282653
us10y_ret,0.0933126
crude_ret,0.0923527
us_vix_ret,0.09130398
gold_ret,0.08917656
silver_ret,0.08733829
natgas_ret,0.08531849
dxy_ret,0.07500322
