feature,importance
sp_ret,0.15284918
spread,0.12698637
natgas_ret,0.100411795
dxy_ret,0.09374447
us10y_ret,0.092636175
copper_ret,0.09067031
crude_ret,0.08998061
gold_ret,0.08940613
silver_ret,0.0853302
us_vix_ret,0.07798479
