feature,importance
sp_ret,0.15623553
spread,0.122893505
natgas_ret,0.10542575
copper_ret,0.09749537
dxy_ret,0.09551975
us10y_ret,0.09329727
crude_ret,0.0897107
silver_ret,0.08484654
gold_ret,0.080888286
us_vix_ret,0.07368733
