feature,importance
sp_ret,0.14494258
spread,0.1277237
natgas_ret,0.10381252
crude_ret,0.10092826
copper_ret,0.09804141
us10y_ret,0.08935143
dxy_ret,0.08934855
silver_ret,0.08823974
gold_ret,0.086752065
us_vix_ret,0.07085971
