feature,importance
sp_ret,0.15302607
spread,0.12527357
natgas_ret,0.10800636
us10y_ret,0.09461255
crude_ret,0.09367198
dxy_ret,0.09249706
copper_ret,0.092418544
gold_ret,0.08738199
silver_ret,0.07763104
us_vix_ret,0.07548081
