feature,importance
sp_ret,0.1446064
spread,0.13361609
natgas_ret,0.10421289
dxy_ret,0.09851238
copper_ret,0.09444264
gold_ret,0.09031981
crude_ret,0.08899088
us10y_ret,0.08629284
silver_ret,0.082452096
us_vix_ret,0.07655395
