feature,importance
sp_ret,0.15439901
spread,0.1271481
natgas_ret,0.10615482
us10y_ret,0.10036444
dxy_ret,0.08976574
crude_ret,0.08910285
gold_ret,0.08744265
silver_ret,0.08495208
copper_ret,0.08378577
us_vix_ret,0.076884516
