{
  "last_trained": "2026-06-07 07:43:22",
  "metrics": {
    "cv_accuracy": 0.5575757575757576,
    "risk_on_freq": 56.673881673881674,
    "n_samples": 2772
  }
}