{
  "last_trained": "2026-05-10 06:25:26",
  "metrics": {
    "cv_accuracy": 0.565938864628821,
    "risk_on_freq": 57.02869596803487,
    "n_samples": 2753
  }
}