{
  "last_trained": "2026-07-19 06:16:06",
  "metrics": {
    "cv_accuracy": 0.5665236051502146,
    "risk_on_freq": 56.80114244912531,
    "n_samples": 2801
  }
}