{
  "last_trained": "2026-07-12 06:20:56",
  "metrics": {
    "cv_accuracy": 0.5699570815450643,
    "risk_on_freq": 56.61659513590844,
    "n_samples": 2796
  }
}