{
  "last_trained": "2026-06-14 08:02:41",
  "metrics": {
    "cv_accuracy": 0.5718614718614718,
    "risk_on_freq": 56.787900612171406,
    "n_samples": 2777
  }
}