{
  "last_trained": "2026-07-05 06:57:41",
  "metrics": {
    "cv_accuracy": 0.5720430107526882,
    "risk_on_freq": 56.825510569688284,
    "n_samples": 2791
  }
}