{
  "last_trained": "2026-06-28 07:40:11",
  "metrics": {
    "cv_accuracy": 0.5702586206896552,
    "risk_on_freq": 56.64034458004307,
    "n_samples": 2786
  }
}