{
  "last_trained": "2026-06-21 08:16:49",
  "metrics": {
    "cv_accuracy": 0.5701943844492441,
    "risk_on_freq": 56.86556434219986,
    "n_samples": 2782
  }
}