{
  "last_trained": "2026-04-19 05:42:29",
  "metrics": {
    "cv_accuracy": 0.5614035087719299,
    "risk_on_freq": 57.064622124863085,
    "n_samples": 2739
  }
}