{
  "last_trained": "2026-05-17 06:37:02",
  "metrics": {
    "cv_accuracy": 0.5620915032679739,
    "risk_on_freq": 56.74401740391588,
    "n_samples": 2758
  }
}