{
  "last_trained": "2026-05-10 06:25:15",
  "metrics": {
    "reg_mae": 0.3456117443505763,
    "cls_accuracy": 0.7096069868995633,
    "n_samples": 2752
  }
}