{
  "last_trained": "2026-06-21 08:16:37",
  "metrics": {
    "reg_mae": 0.34871616511078973,
    "cls_accuracy": 0.7144708423326134,
    "n_samples": 2781
  }
}