{
  "last_trained": "2026-07-19 06:15:53",
  "metrics": {
    "reg_mae": 0.348326862441963,
    "cls_accuracy": 0.7137339055793991,
    "n_samples": 2800
  }
}