{
  "last_trained": "2026-06-28 07:39:58",
  "metrics": {
    "reg_mae": 0.348036971653982,
    "cls_accuracy": 0.7137931034482758,
    "n_samples": 2785
  }
}