{
  "last_trained": "2026-05-03 06:17:57",
  "metrics": {
    "reg_mae": 0.3462710388183708,
    "cls_accuracy": 0.7063457330415754,
    "n_samples": 2747
  }
}