{
  "last_trained": "2026-04-03 18:49:09",
  "metrics": {
    "reg_mae": 0.34118589463287397,
    "cls_accuracy": 0.717180616740088,
    "n_samples": 2729
  }
}