{
  "last_trained": "2026-06-14 08:02:30",
  "metrics": {
    "reg_mae": 0.34779712421661463,
    "cls_accuracy": 0.7134199134199134,
    "n_samples": 2776
  }
}