{
  "last_trained": "2026-05-24 06:52:19",
  "metrics": {
    "reg_mae": 0.3484841880298419,
    "cls_accuracy": 0.7091304347826086,
    "n_samples": 2762
  }
}