{
  "last_trained": "2026-07-12 06:20:44",
  "metrics": {
    "reg_mae": 0.34708989953198877,
    "cls_accuracy": 0.709247311827957,
    "n_samples": 2795
  }
}