{
  "last_trained": "2026-06-07 07:43:11",
  "metrics": {
    "reg_mae": 0.346987387259926,
    "cls_accuracy": 0.7149674620390456,
    "n_samples": 2771
  }
}