{
  "last_trained": "2026-04-19 05:42:17",
  "metrics": {
    "reg_mae": 0.3437706033584238,
    "cls_accuracy": 0.712280701754386,
    "n_samples": 2738
  }
}