{
  "last_trained": "2026-04-26 05:58:22",
  "metrics": {
    "reg_mae": 0.3434796407937294,
    "cls_accuracy": 0.7146608315098468,
    "n_samples": 2743
  }
}