{
  "last_trained": "2026-05-31 07:12:19",
  "metrics": {
    "reg_mae": 0.3469359805685861,
    "cls_accuracy": 0.714533622559653,
    "n_samples": 2766
  }
}