{
  "last_trained": "2026-05-17 06:36:51",
  "metrics": {
    "reg_mae": 0.34816071529641845,
    "cls_accuracy": 0.7106753812636166,
    "n_samples": 2757
  }
}