{
  "last_trained": "2026-07-05 06:57:29",
  "metrics": {
    "reg_mae": 0.3500294427846019,
    "cls_accuracy": 0.7113978494623655,
    "n_samples": 2790
  }
}