feature,importance
sp_ret,0.4149368
us_vix_ret,0.08918105
ndx_ret,0.08534645
nikkei_ret,0.07440107
hsi_ret,0.07252302
vix,0.06983825
us10y_ret,0.066986196
shanghai_ret,0.064266905
dxy_ret,0.0625203
