feature,importance
sp_ret,0.418913
us_vix_ret,0.08736412
ndx_ret,0.07949091
hsi_ret,0.07877405
vix,0.07168847
nikkei_ret,0.069729336
us10y_ret,0.069506645
shanghai_ret,0.06315308
dxy_ret,0.061380386
