feature,importance
sp_ret,0.43232262
us_vix_ret,0.07875217
hsi_ret,0.0785413
vix,0.07270474
nikkei_ret,0.07099677
dxy_ret,0.07055604
ndx_ret,0.069230795
shanghai_ret,0.06503981
us10y_ret,0.06185576
