feature,importance
sp_ret,0.41888514
us_vix_ret,0.090974376
ndx_ret,0.079306416
hsi_ret,0.07841603
us10y_ret,0.070371754
nikkei_ret,0.06998803
vix,0.06614727
dxy_ret,0.06437775
shanghai_ret,0.06153326
