feature,importance
sp_ret,0.42031264
us_vix_ret,0.085380375
ndx_ret,0.07934154
hsi_ret,0.07890067
vix,0.07449411
dxy_ret,0.06895699
us10y_ret,0.06640943
nikkei_ret,0.06447814
shanghai_ret,0.06172618
