feature,importance
sp_ret,0.41375223
us_vix_ret,0.088298455
ndx_ret,0.08568503
nikkei_ret,0.07524061
hsi_ret,0.07395786
vix,0.07006765
us10y_ret,0.06898326
shanghai_ret,0.063585185
dxy_ret,0.060429677
