feature,importance
sp_ret,0.41609654
us_vix_ret,0.092694424
ndx_ret,0.07636949
hsi_ret,0.075830474
vix,0.0736617
nikkei_ret,0.073422916
us10y_ret,0.06992129
shanghai_ret,0.06354262
dxy_ret,0.058460526
