feature,importance
sp_ret,0.40294915
hsi_ret,0.0841862
us_vix_ret,0.08371102
ndx_ret,0.07843069
vix,0.075267866
nikkei_ret,0.074345104
us10y_ret,0.06805791
dxy_ret,0.06675761
shanghai_ret,0.066294506
