feature,importance
sp_ret,0.41745943
ndx_ret,0.08966534
us_vix_ret,0.08438766
hsi_ret,0.07285697
nikkei_ret,0.07269274
us10y_ret,0.07168573
vix,0.0677359
shanghai_ret,0.06307991
dxy_ret,0.060436316
