feature,importance
sp_ret,0.42269415
us_vix_ret,0.08211689
ndx_ret,0.077536814
vix,0.07336405
us10y_ret,0.071447775
hsi_ret,0.07089212
nikkei_ret,0.0694442
shanghai_ret,0.06675972
dxy_ret,0.06574435
