feature,importance
sp_ret,0.42041987
us_vix_ret,0.08806277
hsi_ret,0.07719595
ndx_ret,0.07717354
vix,0.0720869
us10y_ret,0.068754554
nikkei_ret,0.06799054
dxy_ret,0.067839466
shanghai_ret,0.0604764
