feature,importance
sp_ret,0.40165493
ndx_ret,0.0890553
us_vix_ret,0.08795875
nikkei_ret,0.08031703
hsi_ret,0.078418046
us10y_ret,0.06970573
vix,0.0690879
shanghai_ret,0.06332618
dxy_ret,0.06047618
