feature,importance
sp_ret,0.4246003
us_vix_ret,0.08856792
ndx_ret,0.08068146
hsi_ret,0.078739226
us10y_ret,0.06905383
vix,0.06896284
nikkei_ret,0.06558665
dxy_ret,0.06264358
shanghai_ret,0.061164178
