feature,importance
sp_ret,0.41399887
us_vix_ret,0.09287698
ndx_ret,0.08350042
nikkei_ret,0.074880876
vix,0.07369914
hsi_ret,0.06998904
shanghai_ret,0.06759377
us10y_ret,0.065020524
dxy_ret,0.058440443
