{
  "last_trained": "2026-06-14 08:02:32",
  "metrics": {
    "cv_accuracy": 0.625974025974026,
    "theta_freq": 62.189413035649984,
    "n_samples": 2777
  }
}