{
  "last_trained": "2026-06-21 08:16:39",
  "metrics": {
    "cv_accuracy": 0.6254859611231101,
    "theta_freq": 61.861969805895036,
    "n_samples": 2782
  }
}