{
  "last_trained": "2026-06-28 07:39:59",
  "metrics": {
    "cv_accuracy": 0.6280172413793104,
    "theta_freq": 62.13208901651113,
    "n_samples": 2786
  }
}