{
  "last_trained": "2026-04-19 05:42:19",
  "metrics": {
    "cv_accuracy": 0.6241228070175439,
    "theta_freq": 61.77437020810515,
    "n_samples": 2739
  }
}