{
  "last_trained": "2026-07-19 06:15:55",
  "metrics": {
    "cv_accuracy": 0.6300429184549357,
    "theta_freq": 62.299178864691186,
    "n_samples": 2801
  }
}