{
  "last_trained": "2026-07-05 06:57:31",
  "metrics": {
    "cv_accuracy": 0.6262365591397849,
    "theta_freq": 61.913292726621286,
    "n_samples": 2791
  }
}