{
  "last_trained": "2026-04-03 10:59:07",
  "metrics": {
    "cv_accuracy": 0.6290109890109891,
    "theta_freq": 62.1978021978022,
    "n_samples": 2730
  }
}