{
  "last_trained": "2026-04-03 18:49:11",
  "metrics": {
    "cv_accuracy": 0.62989010989011,
    "theta_freq": 62.1978021978022,
    "n_samples": 2730
  }
}