{
  "last_trained": "2026-05-24 06:52:21",
  "metrics": {
    "cv_accuracy": 0.6282608695652174,
    "theta_freq": 62.106406080347455,
    "n_samples": 2763
  }
}