{
  "last_trained": "2026-05-03 06:18:42",
  "metrics": {
    "cv_accuracy": 0.6248908296943231,
    "theta_freq": 61.82678311499272,
    "n_samples": 2748
  }
}