{
  "last_trained": "2026-06-07 07:43:13",
  "metrics": {
    "cv_accuracy": 0.6246753246753247,
    "theta_freq": 61.904761904761905,
    "n_samples": 2772
  }
}