{
  "last_trained": "2026-04-26 05:58:24",
  "metrics": {
    "cv_accuracy": 0.6297592997811815,
    "theta_freq": 62.062682215743436,
    "n_samples": 2744
  }
}