{
  "last_trained": "2026-05-10 06:25:17",
  "metrics": {
    "cv_accuracy": 0.6275109170305677,
    "theta_freq": 62.15038140210679,
    "n_samples": 2753
  }
}