{
  "last_trained": "2026-07-12 06:20:46",
  "metrics": {
    "cv_accuracy": 0.6300429184549357,
    "theta_freq": 62.231759656652365,
    "n_samples": 2796
  }
}