{
  "last_trained": "2026-05-17 06:38:28",
  "metrics": {
    "cv_accuracy": 0.6230936819172113,
    "theta_freq": 61.85641769398115,
    "n_samples": 2758
  }
}