{
  "last_trained": "2026-06-28 07:39:11",
  "horizons": {
    "3": {
      "cv_recall": 0.1424691482446408,
      "tail_freq": 11.8625678119349,
      "n_samples": 2765
    },
    "5": {
      "cv_recall": 0.3904921481423682,
      "tail_freq": 21.446654611211574,
      "n_samples": 2765
    },
    "7": {
      "cv_recall": 0.479187368232224,
      "tail_freq": 28.607594936708864,
      "n_samples": 2765
    }
  }
}