{
  "last_trained": "2026-05-17 06:36:05",
  "horizons": {
    "3": {
      "cv_recall": 0.13776420586449517,
      "tail_freq": 11.910851297040555,
      "n_samples": 2737
    },
    "5": {
      "cv_recall": 0.3364303204514,
      "tail_freq": 21.519912312751188,
      "n_samples": 2737
    },
    "7": {
      "cv_recall": 0.5760817706679708,
      "tail_freq": 28.827183047131893,
      "n_samples": 2737
    }
  }
}