{
  "last_trained": "2026-04-03 18:48:24",
  "horizons": {
    "3": {
      "cv_recall": 0.11526780626780626,
      "tail_freq": 11.997046880767812,
      "n_samples": 2709
    },
    "5": {
      "cv_recall": 0.3262108492241239,
      "tail_freq": 21.705426356589147,
      "n_samples": 2709
    },
    "7": {
      "cv_recall": 0.43659846589748835,
      "tail_freq": 28.940568475452196,
      "n_samples": 2709
    }
  }
}