{
  "last_trained": "2026-07-05 06:56:43",
  "horizons": {
    "3": {
      "cv_recall": 0.15897341347795912,
      "tail_freq": 11.84115523465704,
      "n_samples": 2770
    },
    "5": {
      "cv_recall": 0.3929511890845788,
      "tail_freq": 21.407942238267147,
      "n_samples": 2770
    },
    "7": {
      "cv_recall": 0.5493609426319744,
      "tail_freq": 28.555956678700362,
      "n_samples": 2770
    }
  }
}