{
  "last_trained": "2026-05-03 06:17:59",
  "horizons": {
    "3": {
      "cv_recall": 0.12992390093756961,
      "tail_freq": 11.917858452511917,
      "n_samples": 2727
    },
    "5": {
      "cv_recall": 0.3120907622308183,
      "tail_freq": 21.56215621562156,
      "n_samples": 2727
    },
    "7": {
      "cv_recall": 0.4922664406126769,
      "tail_freq": 28.74954162082875,
      "n_samples": 2727
    }
  }
}