{
  "last_trained": "2026-07-19 06:15:05",
  "horizons": {
    "3": {
      "cv_recall": 0.17529072006160956,
      "tail_freq": 11.798561151079138,
      "n_samples": 2780
    },
    "5": {
      "cv_recall": 0.39618605777988863,
      "tail_freq": 21.33093525179856,
      "n_samples": 2780
    },
    "7": {
      "cv_recall": 0.5416918127789312,
      "tail_freq": 28.453237410071942,
      "n_samples": 2780
    }
  }
}