{
  "last_trained": "2026-05-24 06:51:35",
  "horizons": {
    "3": {
      "cv_recall": 0.13914911775134386,
      "tail_freq": 11.889132020423048,
      "n_samples": 2742
    },
    "5": {
      "cv_recall": 0.3375743577881164,
      "tail_freq": 21.480671043034285,
      "n_samples": 2742
    },
    "7": {
      "cv_recall": 0.49258797055461107,
      "tail_freq": 28.592268417213713,
      "n_samples": 2742
    }
  }
}