{
  "last_trained": "2026-06-07 07:42:25",
  "horizons": {
    "3": {
      "cv_recall": 0.12017908538535338,
      "tail_freq": 11.850236277717194,
      "n_samples": 2751
    },
    "5": {
      "cv_recall": 0.4057270442443743,
      "tail_freq": 21.410396219556524,
      "n_samples": 2751
    },
    "7": {
      "cv_recall": 0.5684690416141236,
      "tail_freq": 28.644129407488183,
      "n_samples": 2751
    }
  }
}