{
  "last_trained": "2026-04-26 05:57:40",
  "horizons": {
    "3": {
      "cv_recall": 0.10012791478171319,
      "tail_freq": 11.935365405802424,
      "n_samples": 2723
    },
    "5": {
      "cv_recall": 0.3324385935261641,
      "tail_freq": 21.59383033419023,
      "n_samples": 2723
    },
    "7": {
      "cv_recall": 0.5095927754961967,
      "tail_freq": 28.79177377892031,
      "n_samples": 2723
    }
  }
}