{
  "last_trained": "2026-05-31 07:11:35",
  "horizons": {
    "3": {
      "cv_recall": 0.142089079540818,
      "tail_freq": 11.871813546977423,
      "n_samples": 2746
    },
    "5": {
      "cv_recall": 0.3823669347622025,
      "tail_freq": 21.44938091769847,
      "n_samples": 2746
    },
    "7": {
      "cv_recall": 0.5507346924564328,
      "tail_freq": 28.55061908230153,
      "n_samples": 2746
    }
  }
}