{
  "last_trained": "2026-06-14 08:01:47",
  "horizons": {
    "3": {
      "cv_recall": 0.13104037905536375,
      "tail_freq": 11.828737300435414,
      "n_samples": 2756
    },
    "5": {
      "cv_recall": 0.3721643532918404,
      "tail_freq": 21.371552975326562,
      "n_samples": 2756
    },
    "7": {
      "cv_recall": 0.5936489150717106,
      "tail_freq": 28.519593613933235,
      "n_samples": 2756
    }
  }
}