{
  "last_trained": "2026-07-12 06:19:57",
  "horizons": {
    "3": {
      "cv_recall": 0.15178443619212956,
      "tail_freq": 11.81981981981982,
      "n_samples": 2775
    },
    "5": {
      "cv_recall": 0.37868517556076775,
      "tail_freq": 21.36936936936937,
      "n_samples": 2775
    },
    "7": {
      "cv_recall": 0.5408443219513804,
      "tail_freq": 28.504504504504503,
      "n_samples": 2775
    }
  }
}