{
  "last_trained": "2026-05-10 06:24:33",
  "horizons": {
    "3": {
      "cv_recall": 0.13882357788004585,
      "tail_freq": 11.896046852122986,
      "n_samples": 2732
    },
    "5": {
      "cv_recall": 0.35300390444802704,
      "tail_freq": 21.522693997071745,
      "n_samples": 2732
    },
    "7": {
      "cv_recall": 0.5672467753294674,
      "tail_freq": 28.69692532942899,
      "n_samples": 2732
    }
  }
}