{
  "last_trained": "2026-04-19 05:41:36",
  "horizons": {
    "3": {
      "cv_recall": 0.12006968810916178,
      "tail_freq": 11.957321559970566,
      "n_samples": 2718
    },
    "5": {
      "cv_recall": 0.3377672289935426,
      "tail_freq": 21.63355408388521,
      "n_samples": 2718
    },
    "7": {
      "cv_recall": 0.5233388348921083,
      "tail_freq": 28.881530537159676,
      "n_samples": 2718
    }
  }
}