{
  "last_trained": "2026-04-03 10:58:08",
  "horizons": {
    "3": {
      "cv_recall": 0.12501587301587302,
      "tail_freq": 11.997046880767812,
      "n_samples": 2709
    },
    "5": {
      "cv_recall": 0.32044819896814325,
      "tail_freq": 21.705426356589147,
      "n_samples": 2709
    },
    "7": {
      "cv_recall": 0.5159974485359022,
      "tail_freq": 28.940568475452196,
      "n_samples": 2709
    }
  }
}