{
  "last_trained": "2026-06-21 08:15:52",
  "horizons": {
    "3": {
      "cv_recall": 0.15292140024919573,
      "tail_freq": 11.879753712423035,
      "n_samples": 2761
    },
    "5": {
      "cv_recall": 0.38110505980715137,
      "tail_freq": 21.477725461789205,
      "n_samples": 2761
    },
    "7": {
      "cv_recall": 0.5236162976490957,
      "tail_freq": 28.866352770735244,
      "n_samples": 2761
    }
  }
}